STA_SEQ,tripdate,SampleMonth,SampleYear,repnumber,SubSampleRep,NominalTier,NominalMem,SecondTier,SecondMem
14148,10/16/1989,10,1989,1,First,3,0.5,4,0.5
14465,11/1/1989,11,1989,1,First,4,1,,0
14479,11/2/1989,11,1989,1,First,5,1,,0
14226,11/2/1989,11,1989,1,First,5,1,,0
14314,11/7/1989,11,1989,1,First,2,1,,0
14492,11/7/1989,11,1989,1,First,3,0.794117647,2,0.205882352941177
14383,11/28/1989,11,1989,1,First,5,0.75,6,0.25
14391,11/28/1989,11,1989,1,First,5,1,,0
14391,10/31/1990,10,1990,1,First,5,0.9,6,0.1
14390,10/31/1990,10,1990,1,First,5,1,,0
14392,10/31/1990,10,1990,1,First,6,0.75,5,0.25
14383,10/31/1990,10,1990,1,First,5,1,,0
14389,10/31/1990,10,1990,1,First,5,1,,0
14393,11/2/1990,11,1990,1,First,5,1,,0
14132,11/28/1990,11,1990,1,First,3,1,,0
14413,10/9/1991,10,1991,1,First,5,0.75,6,0.25
14421,10/9/1991,10,1991,1,First,6,1,,0
14414,10/10/1991,10,1991,1,First,5,1,,0
14314,10/22/1991,10,1991,1,First,2,1,,0
14441,10/23/1991,10,1991,1,First,3,1,,0
14458,10/24/1991,10,1991,1,First,5,1,,0
14444,10/24/1991,10,1991,1,First,3,1,,0
14450,10/24/1991,10,1991,1,First,3,1,,0
14465,10/29/1991,10,1991,1,First,4,1,,0
14323,11/5/1991,11,1991,1,First,5,0.75,6,0.25
14334,11/5/1991,11,1991,1,First,5,1,,0
14318,11/5/1991,11,1991,1,First,5,1,,0
14317,11/5/1991,11,1991,1,First,5,1,,0
14339,11/5/1991,11,1991,1,First,5,1,,0
14324,11/6/1991,11,1991,1,First,5,1,,0
14328,11/6/1991,11,1991,1,First,6,0.75,5,0.25
14284,11/6/1991,11,1991,1,First,5,0.5,6,0.5
14331,11/6/1991,11,1991,1,First,5,1,,0
14348,11/7/1991,11,1991,1,First,5,1,,0
14316,11/7/1991,11,1991,1,First,6,0.75,5,0.25
14923,11/8/1991,11,1991,1,First,5,1,,0
14175,11/8/1991,11,1991,1,First,5,0.75,4,0.25
14482,11/8/1991,11,1991,1,First,4,1,,0
14341,11/8/1991,11,1991,1,First,5,1,,0
14392,11/19/1991,11,1991,1,First,5,1,,0
14393,11/19/1991,11,1991,1,First,5,1,,0
14402,11/19/1991,11,1991,1,First,3,1,,0
14388,11/19/1991,11,1991,1,First,3,0.5,4,0.5
14385,11/20/1991,11,1991,1,First,5,1,,0
14383,11/20/1991,11,1991,1,First,5,1,,0
14389,11/20/1991,11,1991,1,First,5,1,,0
14288,10/23/1992,10,1992,1,First,5,1,,0
14413,10/28/1992,10,1992,1,First,5,1,,0
14284,10/28/1992,10,1992,1,First,5,1,,0
14235,10/29/1992,10,1992,1,First,5,1,,0
14414,10/29/1992,10,1992,1,First,5,1,,0
14389,11/10/1992,11,1992,1,First,5,1,,0
14392,11/10/1992,11,1992,1,First,5,1,,0
14393,11/10/1992,11,1992,1,First,5,1,,0
14390,11/10/1992,11,1992,1,First,5,1,,0
14413,10/6/1993,10,1993,1,First,6,1,,0
14420,10/6/1993,10,1993,1,First,6,0.75,5,0.25
14188,10/6/1993,10,1993,1,First,4,0.53271028,3,0.467289719626168
14181,10/7/1993,10,1993,1,First,5,0.75,6,0.25
14182,10/7/1993,10,1993,1,First,5,1,,0
14284,10/7/1993,10,1993,1,First,6,1,,0
14628,10/7/1993,10,1993,1,First,6,1,,0
14288,10/22/1993,10,1993,1,First,5,1,,0
14393,10/25/1993,10,1993,1,First,5,1,,0
14392,10/25/1993,10,1993,1,First,5,1,,0
14391,10/25/1993,10,1993,1,First,5,1,,0
14383,10/25/1993,10,1993,1,First,5,1,,0
14390,10/25/1993,10,1993,1,First,5,1,,0
14388,10/26/1993,10,1993,1,First,5,1,,0
14389,10/26/1993,10,1993,1,First,5,1,,0
14385,10/26/1993,10,1993,1,First,5,1,,0
15670,10/28/1993,10,1993,1,First,6,1,,0
14458,10/28/1993,10,1993,1,First,5,0.75,6,0.25
14463,10/28/1993,10,1993,1,First,5,1,,0
14464,10/28/1993,10,1993,1,First,5,1,,0
14147,11/3/1993,11,1993,1,First,5,1,,0
14442,11/4/1993,11,1993,1,First,3,0.75,2,0.25
14450,11/4/1993,11,1993,1,First,3,0.75,4,0.25
14237,11/8/1993,11,1993,1,First,5,1,,0
14244,11/8/1993,11,1993,1,First,5,1,,0
14235,11/8/1993,11,1993,1,First,5,1,,0
14293,11/9/1993,11,1993,1,First,4,1,,0
14286,11/12/1993,11,1993,1,First,5,0.75,6,0.25
14278,11/16/1993,11,1993,1,First,5,1,,0
14277,11/16/1993,11,1993,1,First,3,1,,0
14420,10/5/1994,10,1994,1,First,5,1,,0
14414,10/5/1994,10,1994,1,First,5,1,,0
14413,10/5/1994,10,1994,1,First,5,0.5,6,0.5
14392,10/6/1994,10,1994,1,First,5,1,,0
14390,10/6/1994,10,1994,1,First,5,1,,0
14388,10/6/1994,10,1994,1,First,5,1,,0
14393,10/6/1994,10,1994,1,First,5,1,,0
14389,10/6/1994,10,1994,1,First,5,1,,0
14492,10/11/1994,10,1994,1,First,3,1,,0
14470,10/11/1994,10,1994,1,First,3,1,,0
14314,10/11/1994,10,1994,1,First,2,1,,0
14441,10/13/1994,10,1994,1,First,3,1,,0
14288,10/17/1994,10,1994,1,First,5,1,,0
14442,10/24/1994,10,1994,1,First,2,1,,0
14450,10/25/1994,10,1994,1,First,3,1,,0
14254,10/25/1994,10,1994,1,First,4,1,,0
15670,10/26/1994,10,1994,1,First,5,1,,0
14458,10/26/1994,10,1994,1,First,5,1,,0
14444,11/3/1994,11,1994,1,First,3,1,,0
14347,11/8/1994,11,1994,1,First,4,0.5,5,0.5
14344,11/9/1994,11,1994,1,First,5,1,,0
14399,11/17/1994,11,1994,1,First,5,1,,0
14400,11/17/1994,11,1994,1,First,5,1,,0
14226,10/11/1995,10,1995,1,First,5,1,,0
14472,10/11/1995,10,1995,1,First,5,1,,0
14188,10/11/1995,10,1995,1,First,4,1,,0
14413,10/11/1995,10,1995,1,First,5,0.75,6,0.25
14314,10/12/1995,10,1995,1,First,3,0.628205128,2,0.371794871794872
14206,10/12/1995,10,1995,1,First,5,1,,0
14410,10/12/1995,10,1995,1,First,4,1,,0
14414,10/13/1995,10,1995,1,First,5,1,,0
14288,10/13/1995,10,1995,1,First,5,1,,0
14442,10/18/1995,10,1995,1,First,2,1,,0
14482,10/18/1995,10,1995,1,First,4,1,,0
14197,10/18/1995,10,1995,1,First,4,0.964788732,3,3.52112676056336E-02
14316,10/19/1995,10,1995,1,First,5,1,,0
14317,10/19/1995,10,1995,1,First,5,1,,0
14628,10/19/1995,10,1995,1,First,6,1,,0
14470,10/26/1995,10,1995,1,First,2,0.5,3,0.5
14441,10/26/1995,10,1995,1,First,2,0.976190476,3,2.38095238095241E-02
14446,10/27/1995,10,1995,1,First,4,1,,0
14235,10/27/1995,10,1995,1,First,5,1,,0
14383,11/27/1995,11,1995,1,First,5,1,,0
14392,11/27/1995,11,1995,1,First,5,1,,0
14390,11/27/1995,11,1995,1,First,5,1,,0
14393,11/27/1995,11,1995,1,First,5,1,,0
14408,11/28/1995,11,1995,1,First,3,1,,0
14406,11/28/1995,11,1995,1,First,3,1,,0
14407,11/28/1995,11,1995,1,First,3,1,,0
14288,10/16/1996,10,1996,1,First,5,1,,0
14392,10/16/1996,10,1996,1,First,5,1,,0
14390,10/16/1996,10,1996,1,First,5,1,,0
14403,10/29/1996,10,1996,1,First,3,1,,0
14404,10/29/1996,10,1996,1,First,4,0.75,3,0.25
14488,10/30/1996,10,1996,1,First,3,1,,0
14453,10/31/1996,10,1996,1,First,3,1,,0
14139,10/31/1996,10,1996,1,First,3,1,,0
14229,10/31/1996,10,1996,1,First,4,0.614583333,3,0.385416666666666
14280,11/1/1996,11,1996,1,First,3,1,,0
14138,11/1/1996,11,1996,1,First,5,0.878640777,4,0.121359223300971
14628,11/4/1996,11,1996,1,First,6,1,,0
14456,11/4/1996,11,1996,1,First,5,1,,0
15480,11/4/1996,11,1996,1,First,5,1,,0
14482,11/5/1996,11,1996,1,First,4,1,,0
14179,11/5/1996,11,1996,1,First,5,1,,0
14341,11/5/1996,11,1996,1,First,5,1,,0
14348,11/5/1996,11,1996,1,First,5,1,,0
14247,11/6/1996,11,1996,1,First,2,1,,0
14132,11/6/1996,11,1996,1,First,3,1,,0
14195,11/7/1996,11,1996,1,First,3,0.5,4,0.5
14186,11/7/1996,11,1996,1,First,2,1,,0
14183,11/13/1996,11,1996,1,First,3,1,,0
14355,11/13/1996,11,1996,1,First,3,0.796460177,4,0.20353982300885
14188,11/14/1996,11,1996,1,First,3,1,,0
14284,11/14/1996,11,1996,1,First,6,1,,0
14196,11/14/1996,11,1996,1,First,4,1,,0
14441,11/18/1996,11,1996,1,First,2,0.5,3,0.5
14442,11/20/1996,11,1996,1,First,2,1,,0
14446,11/20/1996,11,1996,1,First,4,1,,0
14450,11/21/1996,11,1996,1,First,3,1,,0
14318,11/25/1996,11,1996,1,First,5,1,,0
14317,11/25/1996,11,1996,1,First,6,0.75,5,0.25
14330,10/1/1997,10,1997,1,First,5,1,,0
14332,10/1/1997,10,1997,1,First,5,1,,0
14317,10/1/1997,10,1997,1,First,5,0.75,6,0.25
14329,10/1/1997,10,1997,1,First,5,0.75,6,0.25
14439,10/2/1997,10,1997,1,First,3,0.580357143,4,0.419642857142857
14254,10/2/1997,10,1997,1,First,5,1,,0
14442,10/7/1997,10,1997,1,First,2,1,,0
14409,10/8/1997,10,1997,1,First,4,1,,0
14408,10/8/1997,10,1997,1,First,3,1,,0
14407,10/8/1997,10,1997,1,First,4,0.975609756,3,2.43902439024389E-02
14128,10/9/1997,10,1997,1,First,3,1,,0
14441,10/10/1997,10,1997,1,First,3,1,,0
14314,10/10/1997,10,1997,1,First,2,0.5,3,0.5
14300,10/14/1997,10,1997,1,First,3,0.5,4,0.5
14301,10/14/1997,10,1997,1,First,3,1,,0
14414,10/14/1997,10,1997,1,First,5,1,,0
14309,10/16/1997,10,1997,1,First,3,0.511811024,4,0.488188976377953
14310,10/16/1997,10,1997,1,First,4,0.677083333,5,0.322916666666667
14146,10/17/1997,10,1997,1,First,4,0.531914894,5,0.468085106382979
14489,10/17/1997,10,1997,1,First,5,1,,0
14150,10/20/1997,10,1997,1,First,5,1,,0
14293,10/20/1997,10,1997,1,First,4,0.5,5,0.5
14221,10/21/1997,10,1997,1,First,2,0.5,3,0.5
14491,10/21/1997,10,1997,1,First,3,1,,0
14490,10/23/1997,10,1997,1,First,3,1,,0
14450,10/24/1997,10,1997,1,First,3,1,,0
14188,10/24/1997,10,1997,1,First,4,0.647727273,3,0.352272727272727
14364,10/28/1997,10,1997,1,First,5,1,,0
14363,10/28/1997,10,1997,1,First,5,1,,0
14360,10/28/1997,10,1997,1,First,3,1,,0
14362,10/28/1997,10,1997,1,First,4,0.631578947,3,0.368421052631579
14371,10/29/1997,10,1997,1,First,5,0.666666667,4,0.333333333333333
14369,10/29/1997,10,1997,1,First,3,1,,0
14444,10/30/1997,10,1997,1,First,3,1,,0
14452,10/30/1997,10,1997,1,First,4,0.75,5,0.25
14361,10/30/1997,10,1997,1,First,5,1,,0
14358,10/31/1997,10,1997,1,First,6,1,,0
14432,10/31/1997,10,1997,1,First,5,1,,0
14473,11/4/1997,11,1997,1,First,4,1,,0
14417,11/4/1997,11,1997,1,First,5,1,,0
14226,11/4/1997,11,1997,1,First,5,1,,0
14201,11/5/1997,11,1997,1,First,5,1,,0
14370,11/5/1997,11,1997,1,First,4,1,,0
14486,11/6/1997,11,1997,1,First,4,1,,0
14394,11/6/1997,11,1997,1,First,5,0.75,6,0.25
14395,11/13/1997,11,1997,1,First,4,1,,0
14298,11/13/1997,11,1997,1,First,4,1,,0
14126,11/19/1997,11,1997,1,First,3,0.5,4,0.5
14443,11/19/1997,11,1997,1,First,4,1,,0
14390,10/1/1998,10,1998,1,First,5,0.75,4,0.25
14158,10/1/1998,10,1998,1,First,4,1,,0
14392,10/1/1998,10,1998,1,First,5,1,,0
14391,10/1/1998,10,1998,1,First,5,1,,0
14389,10/1/1998,10,1998,1,First,5,0.53125,4,0.46875
14393,10/2/1998,10,1998,1,First,5,1,,0
14188,10/2/1998,10,1998,1,First,4,1,,0
14153,10/2/1998,10,1998,1,First,4,1,,0
14332,10/5/1998,10,1998,1,First,5,1,,0
14329,10/5/1998,10,1998,1,First,6,0.75,5,0.25
14317,10/5/1998,10,1998,1,First,5,1,,0
14397,10/6/1998,10,1998,1,First,5,1,,0
14479,10/6/1998,10,1998,1,First,5,0.75,6,0.25
14444,10/7/1998,10,1998,1,First,3,1,,0
14450,10/7/1998,10,1998,1,First,3,0.75,4,0.25
14316,10/7/1998,10,1998,1,First,5,1,,0
14465,10/13/1998,10,1998,1,First,4,1,,0
14303,10/13/1998,10,1998,1,First,5,1,,0
14435,10/19/1998,10,1998,1,First,3,1,,0
14484,10/19/1998,10,1998,1,First,2,1,,0
14197,10/20/1998,10,1998,1,First,3,1,,0
14148,10/20/1998,10,1998,1,First,3,1,,0
14349,10/20/1998,10,1998,1,First,3,1,,0
14198,10/20/1998,10,1998,1,First,5,0.912935323,4,8.70646766169159E-02
14442,10/21/1998,10,1998,1,First,2,1,,0
14459,10/21/1998,10,1998,1,First,4,1,,0
14283,10/21/1998,10,1998,1,First,4,1,,0
14460,10/21/1998,10,1998,1,First,4,1,,0
14461,10/21/1998,10,1998,1,First,3,1,,0
14147,10/22/1998,10,1998,1,First,5,1,,0
14446,10/22/1998,10,1998,1,First,4,0.526315789,5,0.473684210526316
14314,10/23/1998,10,1998,1,First,2,1,,0
14436,10/23/1998,10,1998,1,First,4,1,,0
14244,10/26/1998,10,1998,1,First,5,1,,0
14469,10/26/1998,10,1998,1,First,5,1,,0
14241,10/26/1998,10,1998,1,First,5,1,,0
14238,10/26/1998,10,1998,1,First,5,1,,0
14242,10/26/1998,10,1998,1,First,5,1,,0
14235,10/26/1998,10,1998,1,First,5,1,,0
14137,10/27/1998,10,1998,1,First,2,0.75,3,0.25
14441,10/27/1998,10,1998,1,First,2,0.628205128,3,0.371794871794871
14260,10/27/1998,10,1998,1,First,3,1,,0
14400,10/28/1998,10,1998,1,First,5,0.833333333,4,0.166666666666667
14433,10/28/1998,10,1998,1,First,3,1,,0
14396,10/28/1998,10,1998,1,First,2,1,,0
14174,10/29/1998,10,1998,1,First,3,0.763157895,2,0.236842105263158
14187,10/29/1998,10,1998,1,First,2,0.717391304,3,0.282608695652174
14377,10/29/1998,10,1998,1,First,3,1,,0
14406,11/4/1998,11,1998,1,First,4,0.506550218,3,0.493449781659389
14408,11/4/1998,11,1998,1,First,3,1,,0
14407,11/4/1998,11,1998,1,First,3,1,,0
14409,11/4/1998,11,1998,1,First,3,0.5,4,0.5
14437,11/9/1998,11,1998,1,First,4,1,,0
14601,10/6/1999,10,1999,1,First,3,1,,0
14596,10/6/1999,10,1999,1,First,5,1,,0
14597,10/6/1999,10,1999,1,First,2,0.5,3,0.5
14277,10/7/1999,10,1999,1,First,3,1,,0
14278,10/7/1999,10,1999,1,First,5,1,,0
14602,10/7/1999,10,1999,1,First,2,0.954545455,3,4.54545454545453E-02
14605,10/12/1999,10,1999,1,First,3,1,,0
14188,10/12/1999,10,1999,1,First,4,1,,0
14583,10/13/1999,10,1999,1,First,5,1,,0
14606,10/13/1999,10,1999,1,First,3,1,,0
14584,10/13/1999,10,1999,1,First,3,0.6,2,0.4
14581,10/13/1999,10,1999,1,First,5,0.75,6,0.25
14580,10/13/1999,10,1999,1,First,6,0.75,5,0.25
14214,10/13/1999,10,1999,1,First,4,0.5,5,0.5
14582,10/14/1999,10,1999,1,First,4,1,,0
14492,10/14/1999,10,1999,1,First,3,1,,0
14592,10/14/1999,10,1999,1,First,2,0.5,3,0.5
14588,10/19/1999,10,1999,1,First,3,0.777777778,2,0.222222222222222
14590,10/19/1999,10,1999,1,First,2,1,,0
14589,10/19/1999,10,1999,1,First,2,1,,0
14593,10/22/1999,10,1999,1,First,3,0.5,4,0.5
14599,10/22/1999,10,1999,1,First,2,0.905405405,3,9.45945945945943E-02
14600,10/22/1999,10,1999,1,First,3,1,,0
14294,10/25/1999,10,1999,1,First,5,1,,0
14595,10/25/1999,10,1999,1,First,3,1,,0
14587,10/26/1999,10,1999,1,First,3,1,,0
14586,10/26/1999,10,1999,1,First,3,1,,0
14591,10/26/1999,10,1999,1,First,3,1,,0
14314,10/26/1999,10,1999,1,First,3,1,,0
14206,10/27/1999,10,1999,1,First,4,0.5,5,0.5
14410,10/27/1999,10,1999,1,First,3,1,,0
14609,10/27/1999,10,1999,1,First,4,0.5,5,0.5
14594,10/28/1999,10,1999,1,First,3,1,,0
14598,10/28/1999,10,1999,1,First,5,1,,0
14451,10/28/1999,10,1999,1,First,4,1,,0
14205,10/28/1999,10,1999,1,First,4,1,,0
14276,11/1/1999,11,1999,1,First,3,1,,0
14305,11/1/1999,11,1999,1,First,5,1,,0
14450,11/2/1999,11,1999,1,First,3,1,,0
14444,11/2/1999,11,1999,1,First,4,0.75,5,0.25
14441,11/8/1999,11,1999,1,First,2,1,,0
14520,11/9/1999,11,1999,1,First,5,1,,0
14442,11/9/1999,11,1999,1,First,2,1,,0
14521,11/9/1999,11,1999,1,First,4,1,,0
14332,11/10/1999,11,1999,1,First,5,0.75,6,0.25
14329,11/10/1999,11,1999,1,First,5,1,,0
14314,10/2/2000,10,2000,1,First,3,1,,0
14583,10/3/2000,10,2000,1,First,5,1,,0
14581,10/3/2000,10,2000,1,First,5,0.75,6,0.25
14580,10/3/2000,10,2000,1,First,5,1,,0
14708,10/3/2000,10,2000,1,First,4,1,,0
14584,10/3/2000,10,2000,1,First,2,0.5,3,0.5
14450,10/4/2000,10,2000,1,First,3,1,,0
14711,10/4/2000,10,2000,1,First,4,0.631313131,5,0.368686868686869
14710,10/4/2000,10,2000,1,First,3,1,,0
14712,10/4/2000,10,2000,1,First,4,0.5,5,0.5
14713,10/5/2000,10,2000,1,First,5,1,,0
14442,10/5/2000,10,2000,1,First,3,0.8,2,0.2
14459,10/5/2000,10,2000,1,First,5,1,,0
14188,10/6/2000,10,2000,1,First,3,0.5,4,0.5
14501,10/6/2000,10,2000,1,First,5,1,,0
14358,10/10/2000,10,2000,1,First,5,0.75,6,0.25
14432,10/10/2000,10,2000,1,First,5,0.5,6,0.5
14394,10/10/2000,10,2000,1,First,5,1,,0
14317,10/11/2000,10,2000,1,First,5,1,,0
14715,10/11/2000,10,2000,1,First,5,1,,0
14318,10/11/2000,10,2000,1,First,5,1,,0
14714,10/11/2000,10,2000,1,First,5,1,,0
14332,10/11/2000,10,2000,1,First,5,1,,0
14628,10/12/2000,10,2000,1,First,5,1,,0
14456,10/12/2000,10,2000,1,First,5,1,,0
14329,10/12/2000,10,2000,1,First,5,0.75,6,0.25
14323,10/12/2000,10,2000,1,First,5,1,,0
14138,10/16/2000,10,2000,1,First,5,1,,0
14194,10/16/2000,10,2000,1,First,5,1,,0
15670,10/17/2000,10,2000,1,First,5,1,,0
14706,10/19/2000,10,2000,1,First,3,1,,0
14725,10/19/2000,10,2000,1,First,5,1,,0
14739,10/20/2000,10,2000,1,First,3,1,,0
14738,10/20/2000,10,2000,1,First,3,1,,0
14263,10/20/2000,10,2000,1,First,4,0.629770992,5,0.370229007633588
14741,10/23/2000,10,2000,1,First,4,0.75,3,0.25
14444,10/23/2000,10,2000,1,First,3,1,,0
14740,10/23/2000,10,2000,1,First,3,1,,0
14464,10/24/2000,10,2000,1,First,6,1,,0
14463,10/24/2000,10,2000,1,First,5,0.5,6,0.5
14462,10/24/2000,10,2000,1,First,5,1,,0
14458,10/24/2000,10,2000,1,First,5,1,,0
14379,10/25/2000,10,2000,1,First,3,1,,0
14719,10/25/2000,10,2000,1,First,4,1,,0
14720,10/25/2000,10,2000,1,First,3,1,,0
14721,10/25/2000,10,2000,1,First,3,1,,0
14736,10/26/2000,10,2000,1,First,3,1,,0
14735,10/26/2000,10,2000,1,First,3,1,,0
14734,10/26/2000,10,2000,1,First,4,0.79245283,3,0.20754716981132
14727,10/31/2000,10,2000,1,First,4,0.720812183,3,0.279187817258883
14278,11/1/2000,11,2000,1,First,4,1,,0
14733,11/2/2000,11,2000,1,First,5,1,,0
14732,11/2/2000,11,2000,1,First,3,1,,0
14731,11/2/2000,11,2000,1,First,3,1,,0
14722,11/3/2000,11,2000,1,First,4,1,,0
14724,11/3/2000,11,2000,1,First,4,0.5,5,0.5
14452,11/9/2000,11,2000,1,First,5,1,,0
14444,10/4/2001,10,2001,1,First,3,0.5,4,0.5
14442,10/4/2001,10,2001,1,First,3,1,,0
14450,10/4/2001,10,2001,1,First,4,1,,0
14188,10/5/2001,10,2001,1,First,4,1,,0
14441,10/11/2001,10,2001,1,First,3,1,,0
14314,10/11/2001,10,2001,1,First,2,0.661290323,3,0.338709677419355
14581,10/17/2001,10,2001,1,First,5,1,,0
14584,10/17/2001,10,2001,1,First,2,1,,0
14583,10/17/2001,10,2001,1,First,5,1,,0
14580,10/17/2001,10,2001,1,First,5,1,,0
14715,10/22/2001,10,2001,1,First,5,0.75,6,0.25
14332,10/22/2001,10,2001,1,First,5,0.5,6,0.5
14317,10/22/2001,10,2001,1,First,5,1,,0
14456,10/23/2001,10,2001,1,First,5,1,,0
14329,10/23/2001,10,2001,1,First,6,0.75,5,0.25
14720,10/30/2001,10,2001,1,First,3,1,,0
14706,10/30/2001,10,2001,1,First,3,1,,0
14322,10/31/2001,10,2001,1,First,5,1,,0
14321,10/31/2001,10,2001,1,First,5,1,,0
15480,11/6/2001,11,2001,1,First,5,1,,0
15480,10/1/2002,10,2002,1,First,5,0.75,6,0.25
14316,10/1/2002,10,2002,1,First,5,1,,0
14321,10/1/2002,10,2002,1,First,5,1,,0
14332,10/2/2002,10,2002,1,First,5,1,,0
14848,10/2/2002,10,2002,1,First,6,0.75,5,0.25
14322,10/2/2002,10,2002,1,First,5,1,,0
14329,10/2/2002,10,2002,1,First,5,1,,0
14853,10/3/2002,10,2002,1,First,5,1,,0
14188,10/4/2002,10,2002,1,First,4,0.791666667,3,0.208333333333334
14317,10/4/2002,10,2002,1,First,5,1,,0
14858,10/7/2002,10,2002,1,First,2,1,,0
14442,10/8/2002,10,2002,1,First,2,1,,0
14843,10/8/2002,10,2002,1,First,2,1,,0
14842,10/8/2002,10,2002,1,First,2,0.865853659,3,0.134146341463415
14857,10/9/2002,10,2002,1,First,3,0.635135135,2,0.364864864864865
14856,10/9/2002,10,2002,1,First,3,1,,0
14866,10/10/2002,10,2002,1,First,2,1,,0
14861,10/15/2002,10,2002,1,First,3,1,,0
14862,10/15/2002,10,2002,1,First,3,1,,0
14860,10/15/2002,10,2002,1,First,3,1,,0
14863,10/17/2002,10,2002,1,First,3,1,,0
14888,10/17/2002,10,2002,1,First,3,1,,0
14314,10/18/2002,10,2002,1,First,2,0.661290323,3,0.338709677419355
14880,10/21/2002,10,2002,1,First,2,0.833333333,3,0.166666666666666
14841,10/21/2002,10,2002,1,First,3,0.753968254,4,0.246031746031746
14599,10/22/2002,10,2002,1,First,3,1,,0
14584,10/23/2002,10,2002,1,First,2,1,,0
14583,10/23/2002,10,2002,1,First,5,1,,0
14581,10/23/2002,10,2002,1,First,5,1,,0
14580,10/23/2002,10,2002,1,First,5,1,,0
14859,10/24/2002,10,2002,1,First,3,1,,0
14720,10/24/2002,10,2002,1,First,2,1,,0
14706,10/24/2002,10,2002,1,First,3,1,,0
14450,10/25/2002,10,2002,1,First,4,1,,0
14840,10/28/2002,10,2002,1,First,2,1,,0
14845,10/29/2002,10,2002,1,First,3,1,,0
14846,10/29/2002,10,2002,1,First,2,1,,0
14844,10/30/2002,10,2002,1,First,3,1,,0
14852,10/31/2002,10,2002,1,First,5,1,,0
15426,10/31/2002,10,2002,1,First,3,1,,0
14849,11/5/2002,11,2002,1,First,5,0.75,4,0.25
14584,10/2/2003,10,2003,1,First,3,1,,0
14583,10/2/2003,10,2003,1,First,4,1,,0
14580,10/2/2003,10,2003,1,First,5,0.75,4,0.25
14581,10/2/2003,10,2003,1,First,5,1,,0
14720,10/7/2003,10,2003,1,First,2,1,,0
14721,10/7/2003,10,2003,1,First,3,1,,0
14441,10/8/2003,10,2003,1,First,3,0.642857143,2,0.357142857142857
14314,10/8/2003,10,2003,1,First,2,0.865853659,3,0.134146341463415
14706,10/9/2003,10,2003,1,First,3,1,,0
14444,10/14/2003,10,2003,1,First,3,1,,0
14188,10/17/2003,10,2003,1,First,3,1,,0
14740,10/20/2003,10,2003,1,First,3,1,,0
14741,10/20/2003,10,2003,1,First,3,1,,0
14450,10/20/2003,10,2003,1,First,3,1,,0
15301,10/24/2003,10,2003,1,First,6,1,,0
15304,10/24/2003,10,2003,1,First,3,0.5,4,0.5
15302,10/24/2003,10,2003,1,First,6,1,,0
15306,10/24/2003,10,2003,1,First,6,1,,0
15303,10/24/2003,10,2003,1,First,4,0.5,5,0.5
15308,11/3/2003,11,2003,1,First,3,1,,0
15309,11/3/2003,11,2003,1,First,3,1,,0
14442,11/12/2003,11,2003,1,First,2,1,,0
14470,11/13/2003,11,2003,1,First,2,0.5,3,0.5
15048,11/13/2003,11,2003,1,First,5,1,,0
15046,11/13/2003,11,2003,1,First,2,1,,0
14469,11/13/2003,11,2003,1,First,4,0.5,5,0.5
14242,11/13/2003,11,2003,1,First,4,0.5,5,0.5
14241,11/13/2003,11,2003,1,First,5,0.5,6,0.5
15047,11/13/2003,11,2003,1,First,5,1,,0
14316,11/19/2003,11,2003,1,First,5,1,,0
14317,11/19/2003,11,2003,1,First,5,1,,0
14322,11/19/2003,11,2003,1,First,5,1,,0
14332,11/19/2003,11,2003,1,First,5,1,,0
14706,9/22/2004,9,2004,1,First,3,0.5,4,0.5
14720,9/22/2004,9,2004,1,First,2,0.5,3,0.5
14392,9/23/2004,9,2004,1,First,5,1,,0
14479,9/23/2004,9,2004,1,First,5,1,,0
14288,9/24/2004,9,2004,1,First,5,1,,0
14397,9/24/2004,9,2004,1,First,5,1,,0
14458,9/27/2004,9,2004,1,First,5,1,,0
14464,9/27/2004,9,2004,1,First,5,1,,0
14605,9/27/2004,9,2004,1,First,3,0.5,4,0.5
14303,10/4/2004,10,2004,1,First,4,0.5,5,0.5
14435,10/4/2004,10,2004,1,First,3,1,,0
14147,10/4/2004,10,2004,1,First,5,1,,0
15048,10/5/2004,10,2004,1,First,4,1,,0
14241,10/5/2004,10,2004,1,First,5,1,,0
15022,10/6/2004,10,2004,1,First,3,0.5,4,0.5
14444,10/6/2004,10,2004,1,First,3,1,,0
14319,10/6/2004,10,2004,1,First,5,1,,0
14202,10/6/2004,10,2004,1,First,5,1,,0
14825,10/6/2004,10,2004,1,First,5,1,,0
14341,10/6/2004,10,2004,1,First,5,1,,0
14348,10/6/2004,10,2004,1,First,5,1,,0
14176,10/6/2004,10,2004,1,First,4,0.80952381,3,0.190476190476191
14321,10/6/2004,10,2004,1,First,5,1,,0
14716,10/7/2004,10,2004,1,First,5,1,,0
14329,10/7/2004,10,2004,1,First,5,1,,0
14332,10/7/2004,10,2004,1,First,5,1,,0
14456,10/7/2004,10,2004,1,First,5,1,,0
14628,10/7/2004,10,2004,1,First,5,1,,0
14322,10/7/2004,10,2004,1,First,5,1,,0
14459,10/8/2004,10,2004,1,First,5,0.557692308,4,0.442307692307692
14283,10/8/2004,10,2004,1,First,4,0.5,5,0.5
14713,10/8/2004,10,2004,1,First,5,0.588607595,4,0.411392405063292
14207,10/12/2004,10,2004,1,First,5,1,,0
14206,10/12/2004,10,2004,1,First,4,1,,0
14583,10/13/2004,10,2004,1,First,3,1,,0
14226,10/13/2004,10,2004,1,First,5,1,,0
14581,10/13/2004,10,2004,1,First,4,1,,0
14580,10/13/2004,10,2004,1,First,3,1,,0
14414,10/14/2004,10,2004,1,First,5,1,,0
15479,10/14/2004,10,2004,1,First,5,1,,0
14413,10/14/2004,10,2004,1,First,5,1,,0
14800,10/18/2004,10,2004,1,First,3,1,,0
15543,10/25/2004,10,2004,1,First,3,1,,0
14441,10/25/2004,10,2004,1,First,2,0.5,3,0.5
15010,10/27/2004,10,2004,1,First,3,1,,0
15024,10/27/2004,10,2004,1,First,2,1,,0
15017,10/27/2004,10,2004,1,First,3,1,,0
15011,10/27/2004,10,2004,1,First,3,1,,0
15008,10/27/2004,10,2004,1,First,3,0.75,2,0.25
15005,10/27/2004,10,2004,1,First,3,1,,0
15004,10/27/2004,10,2004,1,First,3,1,,0
14686,10/27/2004,10,2004,1,First,3,1,,0
15012,10/27/2004,10,2004,1,First,3,1,,0
15020,10/28/2004,10,2004,1,First,2,0.5,3,0.5
15013,10/28/2004,10,2004,1,First,4,1,,0
15014,10/28/2004,10,2004,1,First,2,0.5,3,0.5
15018,10/28/2004,10,2004,1,First,4,1,,0
15015,10/28/2004,10,2004,1,First,2,0.5,3,0.5
15007,10/29/2004,10,2004,1,First,2,1,,0
15003,10/29/2004,10,2004,1,First,2,0.5,3,0.5
14998,10/29/2004,10,2004,1,First,4,1,,0
15006,10/29/2004,10,2004,1,First,5,1,,0
15299,10/29/2004,10,2004,1,First,3,0.628205128,2,0.371794871794872
14997,11/1/2004,11,2004,1,First,2,1,,0
14450,11/1/2004,11,2004,1,First,3,1,,0
15001,11/1/2004,11,2004,1,First,2,1,,0
14221,11/2/2004,11,2004,1,First,3,1,,0
14130,11/8/2004,11,2004,1,First,5,0.5,6,0.5
15583,11/8/2004,11,2004,1,First,5,1,,0
14285,11/8/2004,11,2004,1,First,5,1,,0
14969,11/8/2004,11,2004,1,First,5,1,,0
14968,11/8/2004,11,2004,1,First,4,1,,0
14456,10/20/2005,10,2005,1,First,4,0.5,5,0.5
14392,10/20/2005,10,2005,1,First,5,1,,0
14479,10/21/2005,10,2005,1,First,5,1,,0
14463,10/24/2005,10,2005,1,First,5,1,,0
14284,10/24/2005,10,2005,1,First,6,1,,0
14441,10/31/2005,10,2005,1,First,2,0.5,3,0.5
14706,10/31/2005,10,2005,1,First,3,1,,0
14720,10/31/2005,10,2005,1,First,2,1,,0
14605,11/1/2005,11,2005,1,First,3,1,,0
15092,11/2/2005,11,2005,1,First,2,1,,0
15093,11/2/2005,11,2005,1,First,2,0.5,3,0.5
14314,11/2/2005,11,2005,1,First,3,1,,0
14444,11/3/2005,11,2005,1,First,3,0.5,4,0.5
14450,11/3/2005,11,2005,1,First,3,1,,0
14442,11/4/2005,11,2005,1,First,2,0.8,3,0.2
15017,11/14/2005,11,2005,1,First,3,0.6,2,0.4
15990,9/15/2006,9,2006,1,First,3,1,,0
14720,9/18/2006,9,2006,1,First,2,0.5,3,0.5
14706,9/18/2006,9,2006,1,First,3,1,,0
14186,9/19/2006,9,2006,1,First,3,1,,0
14195,9/19/2006,9,2006,1,First,4,1,,0
14280,9/19/2006,9,2006,1,First,4,1,,0
14277,9/20/2006,9,2006,1,First,3,0.5,4,0.5
14314,9/20/2006,9,2006,1,First,3,1,,0
14156,9/20/2006,9,2006,1,First,5,1,,0
15858,9/20/2006,9,2006,1,First,5,1,,0
15357,9/20/2006,9,2006,1,First,5,1,,0
14445,9/20/2006,9,2006,1,First,4,1,,0
15857,9/20/2006,9,2006,1,First,5,1,,0
14441,9/20/2006,9,2006,1,First,3,1,,0
15413,9/21/2006,9,2006,1,First,4,1,,0
14442,9/21/2006,9,2006,1,First,3,1,,0
14247,9/21/2006,9,2006,1,First,3,1,,0
14576,9/21/2006,9,2006,1,First,4,1,,0
15965,9/21/2006,9,2006,1,First,3,1,,0
15966,9/21/2006,9,2006,1,First,5,0.75,6,0.25
15999,9/25/2006,9,2006,1,First,4,1,,0
16002,9/25/2006,9,2006,1,First,5,1,,0
16025,9/25/2006,9,2006,1,First,5,1,,0
14128,9/26/2006,9,2006,1,First,3,0.5,4,0.5
15530,9/26/2006,9,2006,1,First,3,1,,0
14355,9/26/2006,9,2006,1,First,3,1,,0
15997,9/27/2006,9,2006,1,First,4,1,,0
15065,9/27/2006,9,2006,1,First,5,1,,0
15087,9/27/2006,9,2006,1,First,4,1,,0
15854,9/27/2006,9,2006,1,First,5,0.545454545,4,0.454545454545455
14183,9/27/2006,9,2006,1,First,3,1,,0
14472,9/27/2006,9,2006,1,First,5,1,,0
14450,9/27/2006,9,2006,1,First,4,1,,0
15855,9/27/2006,9,2006,1,First,4,0.882629108,3,0.117370892018779
15005,9/28/2006,9,2006,1,First,3,1,,0
14710,9/28/2006,9,2006,1,First,3,1,,0
16022,9/28/2006,9,2006,1,First,3,1,,0
15138,9/28/2006,9,2006,1,First,3,1,,0
14520,10/3/2006,10,2006,1,First,5,1,,0
14439,10/3/2006,10,2006,1,First,4,1,,0
16028,10/3/2006,10,2006,1,First,3,1,,0
14444,10/4/2006,10,2006,1,First,3,1,,0
14605,10/4/2006,10,2006,1,First,3,1,,0
14179,10/5/2006,10,2006,1,First,4,0.941558442,5,5.84415584415581E-02
15043,10/5/2006,10,2006,1,First,3,1,,0
14254,10/5/2006,10,2006,1,First,4,1,,0
15169,10/5/2006,10,2006,1,First,5,1,,0
14176,10/5/2006,10,2006,1,First,4,1,,0
15860,10/5/2006,10,2006,1,First,4,0.5,5,0.5
14482,10/5/2006,10,2006,1,First,4,1,,0
16003,10/5/2006,10,2006,1,First,4,1,,0
16035,10/5/2006,10,2006,1,First,3,1,,0
14804,10/5/2006,10,2006,1,First,3,1,,0
14129,10/6/2006,10,2006,1,First,4,1,,0
14223,10/6/2006,10,2006,1,First,4,0.765306122,5,0.234693877551021
14248,10/6/2006,10,2006,1,First,5,1,,0
14792,10/6/2006,10,2006,1,First,5,1,,0
14222,10/6/2006,10,2006,1,First,4,0.5,5,0.5
14471,10/10/2006,10,2006,1,First,3,0.5,4,0.5
15529,10/10/2006,10,2006,1,First,3,1,,0
14488,10/10/2006,10,2006,1,First,3,1,,0
15319,10/11/2006,10,2006,1,First,4,1,,0
15856,10/11/2006,10,2006,1,First,5,1,,0
14172,10/11/2006,10,2006,1,First,3,0.5,4,0.5
15964,10/11/2006,10,2006,1,First,4,1,,0
14984,10/11/2006,10,2006,1,First,5,0.75,6,0.25
14404,10/11/2006,10,2006,1,First,4,0.671532847,3,0.328467153284672
15859,10/11/2006,10,2006,1,First,4,1,,0
14409,10/11/2006,10,2006,1,First,3,1,,0
15670,10/16/2006,10,2006,1,First,5,1,,0
14464,10/16/2006,10,2006,1,First,5,1,,0
16029,10/16/2006,10,2006,1,First,5,1,,0
14458,10/16/2006,10,2006,1,First,5,1,,0
14686,10/17/2006,10,2006,1,First,4,1,,0
14132,10/17/2006,10,2006,1,First,4,1,,0
15035,10/19/2006,10,2006,1,First,2,0.794117647,3,0.205882352941177
14628,10/19/2006,10,2006,1,First,5,1,,0
15531,10/19/2006,10,2006,1,First,2,0.5,3,0.5
14800,10/19/2006,10,2006,1,First,4,1,,0
14145,10/24/2006,10,2006,1,First,5,1,,0
14209,10/24/2006,10,2006,1,First,4,0.5,5,0.5
14284,10/24/2006,10,2006,1,First,5,1,,0
14341,10/25/2006,10,2006,1,First,5,1,,0
14321,10/25/2006,10,2006,1,First,5,1,,0
14318,10/25/2006,10,2006,1,First,5,1,,0
14317,10/25/2006,10,2006,1,First,5,1,,0
14825,10/25/2006,10,2006,1,First,5,1,,0
14319,10/25/2006,10,2006,1,First,4,0.692982456,5,0.307017543859649
14322,10/25/2006,10,2006,1,First,5,1,,0
14316,10/25/2006,10,2006,1,First,5,1,,0
16050,10/27/2006,10,2006,1,First,5,1,,0
16049,10/27/2006,10,2006,1,First,5,0.805699482,4,0.194300518134715
14360,11/29/2006,11,2006,1,First,3,1,,0
14853,11/29/2006,11,2006,1,First,4,1,,0
14553,11/29/2006,11,2006,1,First,4,1,,0
14371,11/29/2006,11,2006,1,First,5,1,,0
14366,11/29/2006,11,2006,1,First,4,1,,0
14370,11/29/2006,11,2006,1,First,4,1,,0
14410,9/18/2007,9,2007,1,First,3,1,,0
14598,9/18/2007,9,2007,1,First,4,0.5,5,0.5
14609,9/18/2007,9,2007,1,First,4,1,,0
16112,9/18/2007,9,2007,1,First,2,0.928571429,3,7.14285714285715E-02
14206,9/18/2007,9,2007,1,First,4,1,,0
14735,9/18/2007,9,2007,1,First,4,1,,0
16113,9/18/2007,9,2007,1,First,3,0.672413793,2,0.327586206896552
16110,9/19/2007,9,2007,1,First,3,1,,0
16076,9/19/2007,9,2007,1,First,4,1,,0
16065,9/19/2007,9,2007,1,First,3,1,,0
16121,9/19/2007,9,2007,1,First,2,1,,0
16119,9/19/2007,9,2007,1,First,3,0.642857143,2,0.357142857142857
16120,9/19/2007,9,2007,1,First,2,1,,0
16028,9/19/2007,9,2007,1,First,3,1,,0
16111,9/19/2007,9,2007,1,First,3,1,,0
14413,9/20/2007,9,2007,1,First,5,1,,0
15479,9/20/2007,9,2007,1,First,5,1,,0
14451,9/20/2007,9,2007,1,First,5,1,,0
14414,9/20/2007,9,2007,1,First,5,1,,0
14422,9/20/2007,9,2007,1,First,5,1,,0
14424,9/20/2007,9,2007,1,First,5,1,,0
15892,9/20/2007,9,2007,1,First,4,1,,0
15176,9/21/2007,9,2007,1,First,3,1,,0
16124,9/21/2007,9,2007,1,First,2,1,,0
16114,9/21/2007,9,2007,1,First,3,1,,0
14314,9/21/2007,9,2007,1,First,3,0.661290323,2,0.338709677419355
16116,9/21/2007,9,2007,1,First,2,1,,0
14379,9/21/2007,9,2007,1,First,3,1,,0
14720,9/21/2007,9,2007,1,First,2,1,,0
14584,9/21/2007,9,2007,1,First,2,1,,0
14721,9/21/2007,9,2007,1,First,3,1,,0
16128,9/21/2007,9,2007,1,First,3,1,,0
14581,9/21/2007,9,2007,1,First,5,1,,0
15304,9/21/2007,9,2007,1,First,3,0.5,4,0.5
14590,9/21/2007,9,2007,1,First,2,0.5,3,0.5
14591,9/21/2007,9,2007,1,First,3,1,,0
15312,9/24/2007,9,2007,1,First,3,1,,0
14441,9/24/2007,9,2007,1,First,3,1,,0
16127,9/24/2007,9,2007,1,First,2,0.5,3,0.5
16123,9/25/2007,9,2007,1,First,3,1,,0
16122,9/25/2007,9,2007,1,First,3,1,,0
16064,9/25/2007,9,2007,1,First,4,1,,0
15315,9/25/2007,9,2007,1,First,2,1,,0
16143,9/25/2007,9,2007,1,First,3,1,,0
15501,9/25/2007,9,2007,1,First,2,0.5,3,0.5
14444,9/25/2007,9,2007,1,First,3,0.99009901,4,9.90099009900969E-03
15796,9/25/2007,9,2007,1,First,2,0.848837209,3,0.151162790697674
14605,9/26/2007,9,2007,1,First,3,0.5,4,0.5
14321,9/26/2007,9,2007,1,First,5,1,,0
14450,9/26/2007,9,2007,1,First,4,0.75,5,0.25
14825,9/26/2007,9,2007,1,First,5,1,,0
14322,9/26/2007,9,2007,1,First,5,1,,0
14316,9/26/2007,9,2007,1,First,5,1,,0
14319,9/26/2007,9,2007,1,First,5,1,,0
15997,9/26/2007,9,2007,1,First,4,1,,0
16063,9/27/2007,9,2007,1,First,4,1,,0
16108,9/28/2007,9,2007,1,First,3,1,,0
16109,9/28/2007,9,2007,1,First,2,0.5,3,0.5
15364,10/1/2007,10,2007,1,First,4,1,,0
15370,10/1/2007,10,2007,1,First,4,1,,0
15375,10/1/2007,10,2007,1,First,4,1,,0
14490,10/2/2007,10,2007,1,First,3,1,,0
14221,10/2/2007,10,2007,1,First,3,1,,0
14298,10/2/2007,10,2007,1,First,4,1,,0
16141,10/2/2007,10,2007,1,First,3,0.5,4,0.5
14290,10/2/2007,10,2007,1,First,3,1,,0
16131,10/2/2007,10,2007,1,First,3,1,,0
15357,10/2/2007,10,2007,1,First,4,1,,0
14394,10/2/2007,10,2007,1,First,5,1,,0
15854,10/3/2007,10,2007,1,First,4,1,,0
16138,10/3/2007,10,2007,1,First,4,0.778325123,3,0.22167487684729
14486,10/3/2007,10,2007,1,First,4,1,,0
15087,10/3/2007,10,2007,1,First,5,1,,0
16137,10/3/2007,10,2007,1,First,5,1,,0
14489,10/3/2007,10,2007,1,First,5,1,,0
15013,10/3/2007,10,2007,1,First,3,0.5,4,0.5
14301,10/3/2007,10,2007,1,First,5,1,,0
15066,10/4/2007,10,2007,1,First,5,1,,0
14226,10/4/2007,10,2007,1,First,5,1,,0
15193,10/4/2007,10,2007,1,First,5,1,,0
14432,10/4/2007,10,2007,1,First,5,1,,0
14431,10/4/2007,10,2007,1,First,4,1,,0
14358,10/4/2007,10,2007,1,First,5,1,,0
16133,10/4/2007,10,2007,1,First,3,1,,0
16066,10/5/2007,10,2007,1,First,4,1,,0
16136,10/9/2007,10,2007,1,First,4,0.75,5,0.25
16139,10/9/2007,10,2007,1,First,3,1,,0
14442,10/9/2007,10,2007,1,First,2,0.5,3,0.5
14472,10/9/2007,10,2007,1,First,6,1,,0
15856,10/9/2007,10,2007,1,First,4,0.5,5,0.5
14473,10/9/2007,10,2007,1,First,4,0.963414634,5,3.65853658536579E-02
16240,10/11/2007,10,2007,1,First,6,0.75,5,0.25
15067,10/11/2007,10,2007,1,First,5,1,,0
14146,10/11/2007,10,2007,1,First,3,0.5,4,0.5
14362,10/15/2007,10,2007,1,First,5,1,,0
14553,10/15/2007,10,2007,1,First,5,1,,0
14363,10/15/2007,10,2007,1,First,5,1,,0
14366,10/15/2007,10,2007,1,First,4,1,,0
14360,10/15/2007,10,2007,1,First,4,1,,0
14554,10/16/2007,10,2007,1,First,4,0.75,5,0.25
14555,10/16/2007,10,2007,1,First,5,1,,0
14361,10/16/2007,10,2007,1,First,6,1,,0
14370,10/16/2007,10,2007,1,First,4,1,,0
16205,10/17/2007,10,2007,1,First,5,1,,0
14201,10/17/2007,10,2007,1,First,5,1,,0
14452,10/17/2007,10,2007,1,First,5,1,,0
14202,10/17/2007,10,2007,1,First,5,1,,0
14293,10/18/2007,10,2007,1,First,4,0.5,5,0.5
14150,10/18/2007,10,2007,1,First,5,1,,0
16145,10/18/2007,10,2007,1,First,5,1,,0
16146,10/18/2007,10,2007,1,First,5,0.75,6,0.25
14706,10/22/2007,10,2007,1,First,3,1,,0
16140,11/28/2007,11,2007,1,First,6,1,,0
16135,11/28/2007,11,2007,1,First,2,0.5,3,0.5
16132,12/12/2007,12,2007,1,First,6,1,,0
16134,12/12/2007,12,2007,1,First,6,1,,0
14148,9/15/2008,9,2008,1,First,4,1,,0
16316,9/15/2008,9,2008,1,First,3,1,,0
14349,9/15/2008,9,2008,1,First,3,1,,0
15169,9/15/2008,9,2008,1,First,4,1,,0
16082,9/15/2008,9,2008,1,First,3,0.651515152,2,0.348484848484848
16370,9/15/2008,9,2008,1,First,3,1,,0
15964,9/15/2008,9,2008,1,First,4,1,,0
15319,9/15/2008,9,2008,1,First,4,1,,0
14720,9/15/2008,9,2008,1,First,2,1,,0
15571,9/15/2008,9,2008,1,First,3,1,,0
16300,9/16/2008,9,2008,1,First,3,1,,0
16289,9/16/2008,9,2008,1,First,3,1,,0
16352,9/16/2008,9,2008,1,First,4,0.5,5,0.5
14433,9/16/2008,9,2008,1,First,4,1,,0
14983,9/16/2008,9,2008,1,First,4,0.5,5,0.5
14459,9/17/2008,9,2008,1,First,5,0.587912088,4,0.412087912087912
16313,9/17/2008,9,2008,1,First,2,0.5,3,0.5
16400,9/17/2008,9,2008,1,First,5,1,,0
16089,9/17/2008,9,2008,1,First,3,1,,0
16312,9/17/2008,9,2008,1,First,2,1,,0
15768,9/17/2008,9,2008,1,First,3,1,,0
14842,9/17/2008,9,2008,1,First,3,1,,0
14442,9/17/2008,9,2008,1,First,3,0.628205128,2,0.371794871794872
14397,9/17/2008,9,2008,1,First,5,1,,0
15678,9/17/2008,9,2008,1,First,3,0.628205128,2,0.371794871794872
16321,9/17/2008,9,2008,1,First,5,1,,0
14283,9/17/2008,9,2008,1,First,4,1,,0
14713,9/17/2008,9,2008,1,First,4,1,,0
14479,9/17/2008,9,2008,1,First,5,1,,0
14576,9/17/2008,9,2008,1,First,4,1,,0
14461,9/17/2008,9,2008,1,First,3,1,,0
14591,9/22/2008,9,2008,1,First,3,1,,0
16308,9/22/2008,9,2008,1,First,4,0.5,5,0.5
14314,9/22/2008,9,2008,1,First,2,0.5,3,0.5
14465,9/22/2008,9,2008,1,First,4,1,,0
15171,9/22/2008,9,2008,1,First,3,1,,0
14303,9/22/2008,9,2008,1,First,4,1,,0
16128,9/22/2008,9,2008,1,First,3,1,,0
14484,9/22/2008,9,2008,1,First,4,0.600938967,3,0.39906103286385
15176,9/22/2008,9,2008,1,First,2,0.653061224,3,0.346938775510204
16323,9/23/2008,9,2008,1,First,3,0.872340426,4,0.127659574468085
14153,9/23/2008,9,2008,1,First,4,1,,0
14551,9/23/2008,9,2008,1,First,3,1,,0
14441,9/23/2008,9,2008,1,First,3,1,,0
14841,9/24/2008,9,2008,1,First,3,1,,0
16258,9/24/2008,9,2008,1,First,3,1,,0
16044,9/24/2008,9,2008,1,First,3,0.615763547,4,0.38423645320197
16225,9/24/2008,9,2008,1,First,5,1,,0
16131,9/24/2008,9,2008,1,First,4,1,,0
15312,9/24/2008,9,2008,1,First,2,1,,0
15020,9/24/2008,9,2008,1,First,3,0.976190476,2,2.38095238095241E-02
16066,9/24/2008,9,2008,1,First,3,0.5,4,0.5
14197,9/24/2008,9,2008,1,First,3,0.5,4,0.5
15825,9/24/2008,9,2008,1,First,3,1,,0
14687,9/25/2008,9,2008,1,First,4,1,,0
16139,9/25/2008,9,2008,1,First,2,0.611111111,3,0.388888888888889
14471,9/25/2008,9,2008,1,First,3,1,,0
16327,9/25/2008,9,2008,1,First,4,1,,0
16076,9/25/2008,9,2008,1,First,3,0.5,4,0.5
14251,9/25/2008,9,2008,1,First,4,1,,0
14247,9/25/2008,9,2008,1,First,3,1,,0
16322,10/2/2008,10,2008,1,First,5,1,,0
14147,10/2/2008,10,2008,1,First,5,1,,0
16143,10/2/2008,10,2008,1,First,2,0.5,3,0.5
15046,10/2/2008,10,2008,1,First,2,0.819148936,3,0.180851063829787
14444,10/2/2008,10,2008,1,First,3,1,,0
16140,10/2/2008,10,2008,1,First,5,1,,0
16345,10/2/2008,10,2008,1,First,3,1,,0
14195,10/2/2008,10,2008,1,First,4,1,,0
15221,10/2/2008,10,2008,1,First,4,0.9375,5,0.0625
16310,10/2/2008,10,2008,1,First,4,0.5,5,0.5
14458,10/3/2008,10,2008,1,First,5,1,,0
14404,10/3/2008,10,2008,1,First,4,1,,0
14450,10/3/2008,10,2008,1,First,3,1,,0
14456,10/3/2008,10,2008,1,First,5,0.568062827,4,0.431937172774869
14409,10/3/2008,10,2008,1,First,3,1,,0
14284,10/3/2008,10,2008,1,First,5,1,,0
14469,10/6/2008,10,2008,1,First,4,1,,0
14250,10/6/2008,10,2008,1,First,5,1,,0
14470,10/6/2008,10,2008,1,First,3,1,,0
15006,10/6/2008,10,2008,1,First,4,1,,0
16071,10/6/2008,10,2008,1,First,5,1,,0
15047,10/6/2008,10,2008,1,First,6,1,,0
14242,10/6/2008,10,2008,1,First,4,1,,0
14241,10/6/2008,10,2008,1,First,5,1,,0
15048,10/6/2008,10,2008,1,First,5,1,,0
14235,10/6/2008,10,2008,1,First,5,1,,0
14238,10/6/2008,10,2008,1,First,5,1,,0
16317,10/7/2008,10,2008,1,First,3,1,,0
14402,10/7/2008,10,2008,1,First,3,0.88,4,0.12
16301,10/7/2008,10,2008,1,First,5,1,,0
14392,10/7/2008,10,2008,1,First,5,1,,0
14158,10/7/2008,10,2008,1,First,5,1,,0
14389,10/7/2008,10,2008,1,First,5,1,,0
14385,10/7/2008,10,2008,1,First,5,1,,0
14390,10/7/2008,10,2008,1,First,4,1,,0
14288,10/8/2008,10,2008,1,First,5,1,,0
15005,10/8/2008,10,2008,1,First,3,1,,0
14549,10/8/2008,10,2008,1,First,5,1,,0
16336,10/8/2008,10,2008,1,First,4,1,,0
14286,10/8/2008,10,2008,1,First,5,0.763513514,4,0.236486486486487
15333,10/8/2008,10,2008,1,First,5,1,,0
14605,10/8/2008,10,2008,1,First,3,1,,0
14501,10/8/2008,10,2008,1,First,5,1,,0
14248,10/8/2008,10,2008,1,First,5,1,,0
15406,10/8/2008,10,2008,1,First,5,1,,0
16090,10/8/2008,10,2008,1,First,5,1,,0
15250,10/8/2008,10,2008,1,First,5,1,,0
14377,10/9/2008,10,2008,1,First,2,1,,0
14706,10/9/2008,10,2008,1,First,3,1,,0
15179,10/9/2008,10,2008,1,First,3,1,,0
14187,10/9/2008,10,2008,1,First,3,0.976190476,2,2.38095238095241E-02
16343,10/9/2008,10,2008,1,First,3,1,,0
14174,10/9/2008,10,2008,1,First,3,1,,0
16410,10/9/2008,10,2008,1,First,2,0.794117647,3,0.205882352941177
16311,10/14/2008,10,2008,1,First,4,1,,0
16331,10/14/2008,10,2008,1,First,2,1,,0
14436,10/14/2008,10,2008,1,First,4,1,,0
16320,10/14/2008,10,2008,1,First,4,1,,0
16070,10/15/2008,10,2008,1,First,2,0.763157895,3,0.236842105263158
14317,10/15/2008,10,2008,1,First,5,1,,0
14322,10/15/2008,10,2008,1,First,4,0.5,5,0.5
14401,10/15/2008,10,2008,1,First,3,1,,0
16324,10/15/2008,10,2008,1,First,3,0.61627907,2,0.383720930232558
14321,10/15/2008,10,2008,1,First,5,1,,0
14825,10/15/2008,10,2008,1,First,5,1,,0
14318,10/15/2008,10,2008,1,First,5,1,,0
14396,10/15/2008,10,2008,1,First,3,1,,0
14316,10/15/2008,10,2008,1,First,5,1,,0
14260,10/15/2008,10,2008,1,First,3,0.717391304,2,0.282608695652174
14400,10/15/2008,10,2008,1,First,5,0.905857741,4,9.41422594142253E-02
14319,10/15/2008,10,2008,1,First,5,1,,0
15010,10/16/2008,10,2008,1,First,3,1,,0
14137,10/16/2008,10,2008,1,First,3,1,,0
14281,10/16/2008,10,2008,1,First,3,1,,0
16342,10/16/2008,10,2008,1,First,3,1,,0
16418,10/21/2008,10,2008,1,First,4,1,,0
14214,10/21/2008,10,2008,1,First,4,1,,0
16416,10/21/2008,10,2008,1,First,2,0.5,3,0.5
16417,10/21/2008,10,2008,1,First,5,0.75,4,0.25
14215,10/22/2008,10,2008,1,First,4,1,,0
16419,10/22/2008,10,2008,1,First,4,1,,0
14656,10/22/2008,10,2008,1,First,5,1,,0
16412,10/23/2008,10,2008,1,First,4,1,,0
16414,10/23/2008,10,2008,1,First,4,1,,0
16413,10/23/2008,10,2008,1,First,4,1,,0
15013,10/23/2008,10,2008,1,First,4,1,,0
16415,10/23/2008,10,2008,1,First,4,1,,0
16411,10/23/2008,10,2008,1,First,4,0.919354839,3,8.06451612903224E-02
15177,10/23/2008,10,2008,1,First,3,1,,0
16126,11/4/2008,11,2008,1,First,3,1,,0
16411,9/15/2009,9,2009,1,First,4,1,,0
16412,9/15/2009,9,2009,1,First,4,1,,0
15013,9/15/2009,9,2009,1,First,3,1,,0
16414,9/15/2009,9,2009,1,First,5,1,,0
15177,9/15/2009,9,2009,1,First,4,1,,0
16415,9/15/2009,9,2009,1,First,4,0.5,5,0.5
16413,9/15/2009,9,2009,1,First,4,1,,0
14598,9/19/2009,9,2009,1,First,4,1,,0
15794,9/22/2009,9,2009,1,First,3,1,,0
14214,9/24/2009,9,2009,1,First,4,0.5,5,0.5
14656,9/24/2009,9,2009,1,First,5,1,,0
16416,9/24/2009,9,2009,1,First,2,1,,0
16418,9/24/2009,9,2009,1,First,4,0.5,5,0.5
14215,9/24/2009,9,2009,1,First,5,1,,0
16419,9/24/2009,9,2009,1,First,4,1,,0
14370,9/29/2009,9,2009,1,First,5,1,,0
14360,9/29/2009,9,2009,1,First,5,1,,0
14706,9/29/2009,9,2009,1,First,3,1,,0
14361,9/29/2009,9,2009,1,First,5,1,,0
14720,9/29/2009,9,2009,1,First,3,1,,0
14445,9/29/2009,9,2009,1,First,4,1,,0
14150,9/29/2009,9,2009,1,First,5,1,,0
15312,9/30/2009,9,2009,1,First,3,1,,0
14305,10/1/2009,10,2009,1,First,3,1,,0
16338,10/1/2009,10,2009,1,First,3,1,,0
14442,10/1/2009,10,2009,1,First,3,0.635135135,2,0.364864864864865
15151,10/1/2009,10,2009,1,First,3,1,,0
14410,10/1/2009,10,2009,1,First,4,1,,0
14609,10/1/2009,10,2009,1,First,6,1,,0
14321,10/1/2009,10,2009,1,First,5,1,,0
14322,10/1/2009,10,2009,1,First,5,1,,0
14825,10/1/2009,10,2009,1,First,5,1,,0
14316,10/1/2009,10,2009,1,First,4,0.5,5,0.5
14589,10/2/2009,10,2009,1,First,3,0.865853659,2,0.134146341463415
14590,10/2/2009,10,2009,1,First,3,1,,0
14588,10/2/2009,10,2009,1,First,3,1,,0
16128,10/2/2009,10,2009,1,First,3,1,,0
16322,10/2/2009,10,2009,1,First,4,1,,0
15176,10/2/2009,10,2009,1,First,2,0.763157895,3,0.236842105263158
14314,10/2/2009,10,2009,1,First,3,1,,0
14444,10/5/2009,10,2009,1,First,3,1,,0
16143,10/5/2009,10,2009,1,First,3,1,,0
16340,10/5/2009,10,2009,1,First,3,1,,0
16333,10/6/2009,10,2009,1,First,3,1,,0
14450,10/6/2009,10,2009,1,First,3,1,,0
17299,10/9/2009,10,2009,1,First,5,1,,0
14221,10/13/2009,10,2009,1,First,2,0.5,3,0.5
14490,10/13/2009,10,2009,1,First,3,1,,0
16334,10/13/2009,10,2009,1,First,3,1,,0
16044,10/13/2009,10,2009,1,First,2,0.5,3,0.5
16139,10/13/2009,10,2009,1,First,2,1,,0
15304,10/14/2009,10,2009,1,First,3,1,,0
14451,10/14/2009,10,2009,1,First,4,0.537815126,3,0.46218487394958
14587,10/14/2009,10,2009,1,First,3,1,,0
15302,10/14/2009,10,2009,1,First,4,1,,0
15210,10/14/2009,10,2009,1,First,3,1,,0
15301,10/14/2009,10,2009,1,First,5,1,,0
14586,10/14/2009,10,2009,1,First,3,1,,0
14602,10/14/2009,10,2009,1,First,2,0.642857143,3,0.357142857142857
14492,10/14/2009,10,2009,1,First,3,1,,0
16417,10/14/2009,10,2009,1,First,4,1,,0
15752,10/14/2009,10,2009,1,First,6,1,,0
15892,10/14/2009,10,2009,1,First,3,1,,0
14585,10/14/2009,10,2009,1,First,3,1,,0
14582,10/14/2009,10,2009,1,First,3,1,,0
14277,10/14/2009,10,2009,1,First,3,1,,0
15783,10/14/2009,10,2009,1,First,3,1,,0
14605,10/15/2009,10,2009,1,First,3,0.5,4,0.5
14420,10/15/2009,10,2009,1,First,5,1,,0
16325,10/15/2009,10,2009,1,First,5,1,,0
14413,10/15/2009,10,2009,1,First,4,0.5,5,0.5
14422,10/15/2009,10,2009,1,First,5,1,,0
14580,10/21/2009,10,2009,1,First,4,1,,0
14606,10/21/2009,10,2009,1,First,3,0.777777778,2,0.222222222222222
14584,10/21/2009,10,2009,1,First,2,1,,0
14581,10/21/2009,10,2009,1,First,4,1,,0
14583,10/21/2009,10,2009,1,First,4,1,,0
16243,10/22/2009,10,2009,1,First,3,1,,0
16246,10/22/2009,10,2009,1,First,3,0.9375,4,0.0625
14863,10/22/2009,10,2009,1,First,2,1,,0
14441,10/22/2009,10,2009,1,First,2,1,,0
14206,10/22/2009,10,2009,1,First,3,1,,0
14207,10/22/2009,10,2009,1,First,4,1,,0
16131,10/22/2009,10,2009,1,First,3,1,,0
16288,10/26/2009,10,2009,1,First,2,1,,0
16106,10/26/2009,10,2009,1,First,2,1,,0
14600,11/3/2009,11,2009,1,First,3,1,,0
14296,11/3/2009,11,2009,1,First,3,1,,0
14595,11/3/2009,11,2009,1,First,2,0.971698113,3,2.83018867924525E-02
14594,11/3/2009,11,2009,1,First,3,0.685185185,2,0.314814814814815
14888,11/3/2009,11,2009,1,First,2,1,,0
14593,11/3/2009,11,2009,1,First,3,1,,0
16304,11/3/2009,11,2009,1,First,3,1,,0
15720,11/3/2009,11,2009,1,First,2,1,,0
14599,11/3/2009,11,2009,1,First,3,1,,0
16303,11/3/2009,11,2009,1,First,2,0.5,3,0.5
14199,11/4/2009,11,2009,1,First,3,1,,0
14591,11/4/2009,11,2009,1,First,3,1,,0
14999,11/4/2009,11,2009,1,First,3,1,,0
14592,11/4/2009,11,2009,1,First,2,1,,0
14601,11/9/2009,11,2009,1,First,3,1,,0
14278,11/9/2009,11,2009,1,First,3,0.5,4,0.5
15543,11/9/2009,11,2009,1,First,3,1,,0
15711,11/9/2009,11,2009,1,First,3,0.990196078,2,9.80392156862777E-03
15010,11/16/2009,11,2009,1,First,3,0.916666667,2,8.33333333333336E-02
17300,11/16/2009,11,2009,1,First,3,1,,0
18209,11/16/2009,11,2009,1,First,3,1,,0
14720,9/15/2010,9,2010,1,First,3,0.606382979,2,0.393617021276596
17300,9/15/2010,9,2010,1,First,3,1,,0
16343,9/15/2010,9,2010,1,First,4,1,,0
18209,9/15/2010,9,2010,1,First,3,1,,0
16112,9/15/2010,9,2010,1,First,2,1,,0
14719,9/15/2010,9,2010,1,First,3,1,,0
15796,9/15/2010,9,2010,1,First,2,1,,0
15010,9/15/2010,9,2010,1,First,3,1,,0
15176,9/16/2010,9,2010,1,First,3,0.642857143,2,0.357142857142857
14314,9/16/2010,9,2010,1,First,3,1,,0
15752,9/16/2010,9,2010,1,First,6,0.6,4,0.4
15302,9/16/2010,9,2010,1,First,4,1,,0
16128,9/16/2010,9,2010,1,First,3,1,,0
15304,9/16/2010,9,2010,1,First,3,1,,0
15301,9/16/2010,9,2010,1,First,5,1,,0
15319,9/20/2010,9,2010,1,First,4,1,,0
16341,9/20/2010,9,2010,1,First,3,1,,0
14392,9/20/2010,9,2010,1,First,5,1,,0
14390,9/20/2010,9,2010,1,First,4,0.5,5,0.5
14278,9/20/2010,9,2010,1,First,4,1,,0
14594,9/20/2010,9,2010,1,First,2,0.5,3,0.5
16319,9/20/2010,9,2010,1,First,5,1,,0
14436,9/21/2010,9,2010,1,First,4,1,,0
15184,9/21/2010,9,2010,1,First,4,1,,0
14983,9/21/2010,9,2010,1,First,5,1,,0
14214,9/22/2010,9,2010,1,First,4,1,,0
14581,9/22/2010,9,2010,1,First,5,1,,0
14410,9/22/2010,9,2010,1,First,3,0.5,4,0.5
14241,9/23/2010,9,2010,1,First,5,1,,0
14235,9/23/2010,9,2010,1,First,5,1,,0
14153,9/23/2010,9,2010,1,First,4,1,,0
14479,9/23/2010,9,2010,1,First,5,1,,0
14469,9/23/2010,9,2010,1,First,4,0.5,5,0.5
14288,9/23/2010,9,2010,1,First,5,1,,0
14470,9/23/2010,9,2010,1,First,3,1,,0
16131,9/23/2010,9,2010,1,First,3,1,,0
16066,9/24/2010,9,2010,1,First,4,1,,0
15854,9/24/2010,9,2010,1,First,5,0.75,4,0.25
14484,9/24/2010,9,2010,1,First,3,0.570776256,4,0.429223744292238
14414,9/24/2010,9,2010,1,First,5,1,,0
14482,9/24/2010,9,2010,1,First,3,0.5,4,0.5
14179,9/24/2010,9,2010,1,First,5,0.767759563,4,0.23224043715847
14605,9/24/2010,9,2010,1,First,3,1,,0
16370,9/24/2010,9,2010,1,First,3,0.642857143,2,0.357142857142857
14361,9/27/2010,9,2010,1,First,5,1,,0
16298,9/27/2010,9,2010,1,First,3,1,,0
14458,9/27/2010,9,2010,1,First,5,1,,0
15276,9/27/2010,9,2010,1,First,3,0.5,4,0.5
14317,9/27/2010,9,2010,1,First,5,1,,0
14731,9/27/2010,9,2010,1,First,3,1,,0
15013,9/27/2010,9,2010,1,First,3,0.5,4,0.5
14667,9/27/2010,9,2010,1,First,4,0.5,5,0.5
14724,9/27/2010,9,2010,1,First,3,1,,0
14733,9/27/2010,9,2010,1,First,5,1,,0
16204,9/28/2010,9,2010,1,First,3,1,,0
14450,9/28/2010,9,2010,1,First,3,0.5,4,0.5
14442,9/29/2010,9,2010,1,First,3,0.642857143,2,0.357142857142857
16106,9/29/2010,9,2010,1,First,3,1,,0
14197,9/29/2010,9,2010,1,First,3,1,,0
14841,9/29/2010,9,2010,1,First,3,1,,0
15825,9/29/2010,9,2010,1,First,3,1,,0
14713,9/29/2010,9,2010,1,First,4,1,,0
14283,9/29/2010,9,2010,1,First,3,1,,0
17299,9/29/2010,9,2010,1,First,4,1,,0
16288,9/29/2010,9,2010,1,First,2,1,,0
14441,10/4/2010,10,2010,1,First,3,0.954545455,2,4.54545454545453E-02
15020,10/4/2010,10,2010,1,First,3,1,,0
14263,10/4/2010,10,2010,1,First,4,1,,0
14736,10/4/2010,10,2010,1,First,3,0.75,2,0.25
14734,10/4/2010,10,2010,1,First,3,1,,0
14738,10/4/2010,10,2010,1,First,3,1,,0
14735,10/4/2010,10,2010,1,First,4,1,,0
15312,10/4/2010,10,2010,1,First,3,1,,0
15543,10/4/2010,10,2010,1,First,4,1,,0
14739,10/4/2010,10,2010,1,First,3,1,,0
14706,10/5/2010,10,2010,1,First,3,1,,0
14379,10/5/2010,10,2010,1,First,3,1,,0
14721,10/5/2010,10,2010,1,First,3,1,,0
15364,10/7/2010,10,2010,1,First,4,1,,0
16346,10/7/2010,10,2010,1,First,4,1,,0
14360,10/7/2010,10,2010,1,First,3,0.5,4,0.5
14366,10/7/2010,10,2010,1,First,4,1,,0
16143,10/7/2010,10,2010,1,First,3,1,,0
15370,10/7/2010,10,2010,1,First,5,0.75,4,0.25
14444,10/7/2010,10,2010,1,First,3,1,,0
14727,10/8/2010,10,2010,1,First,3,0.5,4,0.5
14723,10/8/2010,10,2010,1,First,5,1,,0
16295,10/8/2010,10,2010,1,First,3,1,,0
14732,10/12/2010,10,2010,1,First,4,1,,0
16139,10/12/2010,10,2010,1,First,2,1,,0
16063,10/12/2010,10,2010,1,First,4,1,,0
14576,10/18/2010,10,2010,1,First,4,1,,0
16930,10/20/2010,10,2010,1,First,2,0.983870968,3,1.61290322580647E-02
14147,11/3/2010,11,2010,1,First,4,0.5,5,0.5
14446,11/3/2010,11,2010,1,First,4,1,,0
15221,11/3/2010,11,2010,1,First,3,1,,0
16112,10/11/2011,10,2011,1,First,2,1,2,0
14720,10/11/2011,10,2011,1,First,2,1,2,0
15796,10/11/2011,10,2011,1,First,2,1,2,0
15315,10/11/2011,10,2011,1,First,2,1,2,0
14469,10/12/2011,10,2011,1,first,4,1,4,0
16110,10/12/2011,10,2011,1,First,3,1,3,0
16307,10/12/2011,10,2011,1,First,5,1,5,0
14470,10/12/2011,10,2011,1,First,3,0.921568627,4,7.84313725490193E-02
16119,10/12/2011,10,2011,1,First,2,1,2,0
16323,10/12/2011,10,2011,1,First,4,1,4,0
15312,10/12/2011,10,2011,1,First,3,1,3,0
14441,10/12/2011,10,2011,1,First,3,0.723404255,2,0.25
15901,10/13/2011,10,2011,1,First,3,0.789473684,4,0.210526315789474
14221,10/13/2011,10,2011,1,First,2,0.5,3,0.5
16131,10/13/2011,10,2011,1,First,4,1,4,0
14226,10/17/2011,10,2011,1,First,5,1,5,0
14473,10/17/2011,10,2011,1,First,4,1,4,0
16078,10/17/2011,10,2011,1,First,3,1,3,0
14366,10/17/2011,10,2011,1,First,4,1,4,0
14605,10/17/2011,10,2011,1,First,3,0.5,4,0.5
16325,10/17/2011,10,2011,1,First,5,1,5,0
15087,10/18/2011,10,2011,1,First,5,0.588957055,4,0.411042944785276
15999,10/18/2011,10,2011,1,First,5,1,5,0
16326,10/18/2011,10,2011,1,First,5,1,5,0
16261,10/18/2011,10,2011,1,First,3,0.693693694,4,0.306306306306306
14490,10/18/2011,10,2011,1,First,4,0.616161616,5,0.383838383838384
15364,10/18/2011,10,2011,1,First,4,1,4,0
14445,10/18/2011,10,2011,1,First,4,1,4,0
14444,10/18/2011,10,2011,1,First,3,1,3,0
16143,10/18/2011,10,2011,1,First,3,1,3,0
15013,10/18/2011,10,2011,1,First,4,0.5,5,0.5
15426,10/20/2011,10,2011,1,First,4,0.851851852,3,0.148148148148148
16337,10/20/2011,10,2011,1,First,5,1,5,0
14129,10/20/2011,10,2011,1,First,4,1,4,0
15510,10/21/2011,10,2011,1,First,3,1,3,0
15044,10/21/2011,10,2011,1,First,2,1,2,0
14247,10/21/2011,10,2011,1,First,4,0.778846154,3,0.221153846153846
15529,10/21/2011,10,2011,1,First,4,0.653061224,3,0.346938775510204
15244,10/21/2011,10,2011,1,First,3,1,3,0
16139,10/21/2011,10,2011,1,First,2,1,2,0
16124,10/21/2011,10,2011,1,First,2,1,2,0
17640,10/21/2011,10,2011,1,First,3,0.640552995,4,0.359447004608295
14361,10/24/2011,10,2011,1,First,5,1,5,0
15530,10/24/2011,10,2011,1,First,3,1,3,0
14358,10/24/2011,10,2011,1,First,5,1,5,0
14355,10/24/2011,10,2011,1,First,4,1,4,0
16002,10/24/2011,10,2011,1,First,5,1,5,0
16335,10/24/2011,10,2011,1,First,3,1,3,0
15024,10/24/2011,10,2011,1,First,2,0.5,3,0.5
16431,10/24/2011,10,2011,1,First,3,1,3,0
17321,10/24/2011,10,2011,1,First,3,1,3,0
15239,10/24/2011,10,2011,1,First,4,0.5,5,0.5
14414,10/25/2011,10,2011,1,First,5,1,5,0
14195,10/25/2011,10,2011,1,First,4,0.58974359,5,0.41025641025641
16141,10/25/2011,10,2011,1,First,5,1,5,0
14394,10/25/2011,10,2011,1,First,5,1,5,0
15357,10/25/2011,10,2011,1,First,5,0.520179372,4,0.479820627802691
14482,10/26/2011,10,2011,1,First,4,1,4,0
16332,10/26/2011,10,2011,1,First,5,1,5,0
14450,10/26/2011,10,2011,1,First,3,1,3,0
14316,10/26/2011,10,2011,1,First,4,0.5,5,0.5
14183,10/26/2011,10,2011,1,First,4,1,4,0
14341,10/26/2011,10,2011,1,First,5,0.855721393,4,0.144278606965174
14179,10/26/2011,10,2011,1,First,5,0.904109589,4,0.095890410958904
15035,10/26/2011,10,2011,1,First,2,1,2,0
14404,10/26/2011,10,2011,1,First,4,1,4,0
14488,10/26/2011,10,2011,1,First,3,1,3,0
14319,10/26/2011,10,2011,1,First,5,0.91509434,4,8.49056603773585E-02
16128,10/27/2011,10,2011,1,First,3,1,3,0
14413,10/27/2011,10,2011,1,First,5,1,5,0
16718,11/7/2011,11,2011,1,First,3,1,3,0
14686,11/7/2011,11,2011,1,First,5,1,5,0
15581,11/7/2011,11,2011,1,First,3,0.8647343,4,0.135265700483092
14688,11/7/2011,11,2011,1,First,5,0.910891089,4,8.91089108910892E-02
14280,11/7/2011,11,2011,1,First,4,1,4,0
14813,11/7/2011,11,2011,1,First,3,0.990147783,4,9.85221674876868E-03
15994,11/7/2011,11,2011,1,First,4,1,4,0
14409,11/7/2011,11,2011,1,First,4,1,4,0
14687,11/7/2011,11,2011,1,First,5,0.717948718,4,0.282051282051282
14172,11/7/2011,11,2011,1,First,4,0.75,5,0.25
14804,11/8/2011,11,2011,1,First,3,1,3,0
16103,11/8/2011,11,2011,1,First,3,0.628205128,2,0.371794871794872
14360,11/8/2011,11,2011,1,First,4,1,4,0
15507,11/8/2011,11,2011,1,First,4,1,4,0
16127,11/8/2011,11,2011,1,First,2,1,2,0
14370,11/8/2011,11,2011,1,First,5,1,5,0
15043,11/8/2011,11,2011,1,First,4,0.879432624,5,0.120567375886525
14362,11/8/2011,11,2011,1,First,4,1,4,0
14741,11/8/2011,11,2011,1,First,4,0.542372881,3,0.457627118644068
14800,11/9/2011,11,2011,1,First,4,0.974358974,3,2.56410256410256E-02
14456,11/9/2011,11,2011,1,First,5,1,5,0
18123,11/9/2011,11,2011,1,First,3,1,3,0
14317,11/9/2011,11,2011,1,First,5,1,5,0
15253,11/9/2011,11,2011,1,First,4,1,4,0
14710,11/9/2011,11,2011,1,First,3,1,3,0
14128,11/9/2011,11,2011,1,First,3,0.5,4,0.5
14284,11/9/2011,11,2011,1,First,5,1,5,0
15531,11/9/2011,11,2011,1,First,4,1,4,0
15005,11/9/2011,11,2011,1,First,3,1,3,0
15516,11/10/2011,11,2011,1,First,2,0.611111111,3,0.388888888888889
16387,11/10/2011,11,2011,1,First,3,1,3,0
14484,11/10/2011,11,2011,1,First,2,1,2,0
16370,11/10/2011,11,2011,1,First,3,1,3,0
15240,11/10/2011,11,2011,1,First,2,1,2,0
14442,11/10/2011,11,2011,1,First,2,0.62195122,3,0.378048780487805
16114,11/10/2011,11,2011,1,First,2,0.5,3,0.5
14209,11/14/2011,11,2011,1,First,3,0.5,4,0.5
17637,11/14/2011,11,2011,1,First,5,0.584070796,4,0.415929203539823
14439,11/14/2011,11,2011,1,First,4,1,4,0
14792,11/14/2011,11,2011,1,First,5,1,5,0
15132,11/14/2011,11,2011,1,First,4,0.87732342,3,0.12267657992565
16748,11/14/2011,11,2011,1,First,3,0.5,4,0.5
14520,11/14/2011,11,2011,1,First,5,0.912133891,4,8.78661087866108E-02
14880,11/14/2011,11,2011,1,First,3,0.6,2,0.4
14248,11/14/2011,11,2011,1,First,5,1,5,0
14489,11/15/2011,11,2011,1,First,5,1,5,0
15580,11/15/2011,11,2011,1,First,4,1,4,0
14458,11/15/2011,11,2011,1,First,5,1,5,0
17610,11/15/2011,11,2011,1,First,5,1,5,0
17708,11/15/2011,11,2011,1,First,5,1,5,0
15577,11/15/2011,11,2011,1,First,4,0.883116883,3,0.116883116883117
15998,11/15/2011,11,2011,1,First,4,0.61341853,3,0.386581469648562
15997,11/15/2011,11,2011,1,First,4,0.804979253,3,0.195020746887967
17707,11/15/2011,11,2011,1,First,5,1,5,0
17409,11/16/2011,11,2011,1,First,4,0.765957447,3,0.23404255319149
14471,11/16/2011,11,2011,1,First,4,1,4,0
14740,11/16/2011,11,2011,1,First,3,1,3,0
15886,11/16/2011,11,2011,1,First,3,0.5,4,0.5
14305,11/16/2011,11,2011,1,First,4,1,4,0
17174,11/21/2011,11,2011,1,First,5,1,5,0
16971,11/21/2011,11,2011,1,First,5,1,5,0
16938,11/21/2011,11,2011,1,First,5,1,5,0
17728,11/21/2011,11,2011,1,First,5,1,5,0
15102,11/21/2011,11,2011,1,First,4,1,4,0
15413,9/17/2012,9,2012,1,First,5,0.898678414,4,0.101321585903084
15333,9/17/2012,9,2012,1,First,5,1,5,0
14153,9/17/2012,9,2012,1,First,5,0.623481781,4,0.376518218623482
14288,9/17/2012,9,2012,1,First,5,1,5,0
16336,9/17/2012,9,2012,1,First,4,1,4,0
16331,9/17/2012,9,2012,1,First,2,0.763157895,3,0.236842105263158
16307,9/17/2012,9,2012,1,First,5,1,5,0
15250,9/17/2012,9,2012,1,First,5,1,5,0
15406,9/17/2012,9,2012,1,First,4,1,4,0
14501,9/17/2012,9,2012,1,First,5,1,5,0
14576,9/17/2012,9,2012,1,First,5,0.632478632,4,0.367521367521367
14551,9/17/2012,9,2012,1,First,4,1,4,0
14260,9/18/2012,9,2012,1,First,4,0.79389313,3,0.206106870229008
16324,9/18/2012,9,2012,1,First,2,0.333333333,3,0.333333333333334
16119,9/18/2012,9,2012,1,First,2,0.5,3,0.5
14441,9/18/2012,9,2012,1,First,4,1,4,0
14721,9/19/2012,9,2012,1,First,4,1,4,0
15796,9/19/2012,9,2012,1,First,2,0.5,3,0.5
14720,9/19/2012,9,2012,1,First,3,1,3,0
16342,9/19/2012,9,2012,1,First,4,0.594827586,3,0.405172413793103
17568,9/19/2012,9,2012,1,First,3,1,3,0
16121,9/19/2012,9,2012,1,First,2,1,2,0
14400,9/19/2012,9,2012,1,First,5,1,5,0
14401,9/19/2012,9,2012,1,First,3,1,3,0
14379,9/19/2012,9,2012,1,First,5,0.820754717,4,0.179245283018868
16311,9/20/2012,9,2012,1,First,5,0.974358974,4,2.56410256410257E-02
16535,9/20/2012,9,2012,1,First,3,1,3,0
14436,9/20/2012,9,2012,1,First,5,0.768656716,4,0.23134328358209
14433,9/20/2012,9,2012,1,First,5,0.888888889,4,0.111111111111111
16112,9/21/2012,9,2012,1,First,2,1,2,0
14396,9/21/2012,9,2012,1,First,3,1,3,0
16316,9/24/2012,9,2012,1,First,3,1,3,0
16304,9/24/2012,9,2012,1,First,5,0.669724771,4,0.330275229357798
16304,9/24/2012,9,2012,1,First,5,0.775510204,4,0.224489795918367
14451,9/24/2012,9,2012,1,First,5,0.659003831,4,0.340996168582375
14197,9/24/2012,9,2012,1,First,5,0.964285714,4,3.57142857142858E-02
15571,9/24/2012,9,2012,1,First,4,1,4,0
15964,9/24/2012,9,2012,1,First,5,1,5,0
14841,9/24/2012,9,2012,1,First,4,0.554621849,5,0.445378151260504
14598,9/24/2012,9,2012,1,First,5,1,5,0
16304,9/24/2012,9,2012,1,First,4,0.506849315,5,0.493150684931507
14609,9/25/2012,9,2012,1,First,5,1,5,0
14207,9/25/2012,9,2012,1,First,5,0.871794872,4,0.128205128205128
14206,9/25/2012,9,2012,1,First,5,0.515283843,4,0.48471615720524
14410,9/25/2012,9,2012,1,First,4,0.839622642,5,0.160377358490566
15151,9/25/2012,9,2012,1,First,4,0.765957447,3,0.23404255319149
14305,9/25/2012,9,2012,1,First,4,0.653386454,3,0.346613545816733
14591,9/26/2012,9,2012,1,First,3,0.609958506,4,0.390041493775934
15176,9/26/2012,9,2012,1,First,3,0.795918367,4,0.204081632653061
16128,9/26/2012,9,2012,1,First,4,1,4,0
15239,10/1/2012,10,2012,1,First,3,1,3,0
15854,10/1/2012,10,2012,1,First,4,1,4,0
14444,10/1/2012,10,2012,1,First,4,0.504424779,3,0.495575221238938
16143,10/1/2012,10,2012,1,First,3,1,3,0
16930,10/1/2012,10,2012,1,First,2,0.8,3,0.2
17530,10/1/2012,10,2012,1,First,3,1,3,0
16295,10/1/2012,10,2012,1,First,4,1,4,0
14706,10/1/2012,10,2012,1,First,4,0.779141104,3,0.220858895705521
16734,10/1/2012,10,2012,1,First,4,1,4,0
16066,10/2/2012,10,2012,1,First,4,0.867219917,5,0.132780082987552
15530,10/2/2012,10,2012,1,First,4,1,4,0
16335,10/2/2012,10,2012,1,First,4,1,4,0
14450,10/2/2012,10,2012,1,First,4,0.94214876,3,5.78512396694215E-02
14710,10/2/2012,10,2012,1,First,3,1,3,0
15679,10/3/2012,10,2012,1,First,2,0.5,3,0.5
15792,10/3/2012,10,2012,1,First,4,1,4,0
14843,10/3/2012,10,2012,1,First,3,0.727272727,2,0.272727272727273
14461,10/3/2012,10,2012,1,First,3,1,3,0
16373,10/3/2012,10,2012,1,First,2,1,2,0
14442,10/3/2012,10,2012,1,First,3,1,3,0
16758,10/3/2012,10,2012,1,First,2,1,2,0
16258,10/3/2012,10,2012,1,First,4,1,4,0
15825,10/3/2012,10,2012,1,First,3,1,3,0
15678,10/3/2012,10,2012,1,First,3,1,3,0
14392,10/4/2012,10,2012,1,First,5,1,5,0
14402,10/4/2012,10,2012,1,First,3,1,3,0
14825,10/4/2012,10,2012,1,First,5,0.735177866,4,0.264822134387352
14390,10/4/2012,10,2012,1,First,5,1,5,0
15315,10/5/2012,10,2012,1,First,3,1,3,0
14263,10/5/2012,10,2012,1,First,5,1,5,0
16846,10/9/2012,10,2012,1,First,3,1,3,0
17007,10/9/2012,10,2012,1,First,2,0.5,3,0.5
17061,10/9/2012,10,2012,1,First,4,1,4,0
16505,10/9/2012,10,2012,1,First,2,1,2,0
14377,10/9/2012,10,2012,1,First,3,1,3,0
16312,10/10/2012,10,2012,1,First,2,0.833333333,3,0.166666666666666
14713,10/10/2012,10,2012,1,First,4,0.850393701,5,0.149606299212598
14283,10/10/2012,10,2012,1,First,4,0.5,5,0.5
14137,10/10/2012,10,2012,1,First,2,0.865853659,3,0.134146341463415
16313,10/10/2012,10,2012,1,First,3,1,3,0
16114,10/10/2012,10,2012,1,First,3,0.794117647,2,0.205882352941177
14281,10/10/2012,10,2012,1,First,4,0.796116505,3,0.203883495145631
14842,10/10/2012,10,2012,1,First,3,1,3,0
16387,10/11/2012,10,2012,1,First,2,1,2,0
15570,10/11/2012,10,2012,1,First,2,0.5,3,0.5
15768,10/11/2012,10,2012,1,First,3,0.736654804,4,0.263345195729537
16089,10/11/2012,10,2012,1,First,2,0.976190476,3,2.38095238095241E-02
16139,10/11/2012,10,2012,1,First,3,1,3,0
16385,10/11/2012,10,2012,1,First,2,1,2,0
16127,10/11/2012,10,2012,1,First,2,1,2,0
16124,10/11/2012,10,2012,1,First,2,1,2,0
15783,10/12/2012,10,2012,1,First,3,1,3,0
15749,10/12/2012,10,2012,1,First,4,0.666666667,5,0.333333333333333
14584,10/12/2012,10,2012,1,First,3,1,3,0
15304,10/12/2012,10,2012,1,First,3,1,3,0
15386,10/12/2012,10,2012,1,First,4,0.829268293,3,0.170731707317073
14866,10/12/2012,10,2012,1,First,2,1,2,0
15179,10/12/2012,10,2012,1,First,3,1,3,0
15520,10/12/2012,10,2012,1,First,2,1,2,0
16410,10/15/2012,10,2012,1,First,2,1,2,0
15046,10/15/2012,10,2012,1,First,5,0.659793814,4,0.34020618556701
14470,10/15/2012,10,2012,1,First,3,1,3,0
15312,10/15/2012,10,2012,1,First,4,0.94980695,3,5.01930501930502E-02
14241,10/15/2012,10,2012,1,First,5,1,5,0
14174,10/15/2012,10,2012,1,First,3,1,3,0
15020,10/15/2012,10,2012,1,First,3,0.783018868,2,0.216981132075472
14187,10/15/2012,10,2012,1,First,3,1,3,0
16080,10/16/2012,10,2012,1,First,2,1,2,0
14997,10/16/2012,10,2012,1,First,2,0.5,3,0.5
14484,10/16/2012,10,2012,1,First,4,1,4,0
15499,10/16/2012,10,2012,1,First,4,1,4,0
16501,10/17/2012,10,2012,1,First,3,1,3,0
14147,10/17/2012,10,2012,1,First,5,1,5,0
15221,10/17/2012,10,2012,1,First,4,1,4,0
14840,10/17/2012,10,2012,1,First,2,1,2,0
14349,10/18/2012,10,2012,1,First,3,0.5,4,0.5
16899,10/18/2012,10,2012,1,First,4,1,4,0
16110,10/18/2012,10,2012,1,First,3,0.865853659,2,0.134146341463415
16082,10/18/2012,10,2012,1,First,2,0.884615385,3,0.115384615384615
16370,10/18/2012,10,2012,1,First,3,1,3,0
14479,10/22/2012,10,2012,1,First,5,1,5,0
17556,10/22/2012,10,2012,1,First,2,1,2,0
15319,10/22/2012,10,2012,1,First,5,1,5,0
17186,10/22/2012,10,2012,1,First,3,1,3,0
15994,10/22/2012,10,2012,1,First,3,1,3,0
16400,10/22/2012,10,2012,1,First,5,1,5,0
14601,10/23/2012,10,2012,1,First,3,1,3,0
14278,10/23/2012,10,2012,1,First,4,1,4,0
14602,10/23/2012,10,2012,1,First,2,0.5,3,0.5
15313,10/25/2012,10,2012,1,First,4,1,4,0
16127,9/16/2013,9,2013,1,First,2,1,2,0
14800,9/16/2013,9,2013,1,First,4,0.705069124,5,0.294930875576037
14316,9/16/2013,9,2013,1,First,5,1,5,0
14319,9/16/2013,9,2013,1,First,5,1,5,0
14414,9/17/2013,9,2013,1,First,5,1,5,0
14146,9/17/2013,9,2013,1,First,5,1,5,0
15087,9/17/2013,9,2013,1,First,5,1,5,0
15067,9/17/2013,9,2013,1,First,5,1,5,0
15018,9/17/2013,9,2013,1,First,5,1,5,0
14251,9/18/2013,9,2013,1,First,4,1,4,0
14740,9/18/2013,9,2013,1,First,3,1,3,0
16076,9/18/2013,9,2013,1,First,4,0.767955801,5,0.232044198895027
14450,9/19/2013,9,2013,1,First,4,1,4,0
16119,9/19/2013,9,2013,1,First,2,1,2,0
16335,9/19/2013,9,2013,1,First,4,0.721854305,3,0.278145695364238
15312,9/19/2013,9,2013,1,First,5,0.921568627,4,7.84313725490197E-02
15315,9/19/2013,9,2013,1,First,2,1,2,0
16112,9/19/2013,9,2013,1,First,2,0.5,3,0.5
15005,9/19/2013,9,2013,1,First,3,0.548387097,4,0.451612903225806
14404,9/19/2013,9,2013,1,First,5,1,5,0
15530,9/19/2013,9,2013,1,First,4,0.704035874,5,0.295964125560538
14441,9/19/2013,9,2013,1,First,3,0.701923077,2,0.25
16528,9/20/2013,9,2013,1,First,3,1,3,0
14490,9/20/2013,9,2013,1,First,4,1,4,0
14792,9/23/2013,9,2013,1,First,5,1,5,0
14317,9/23/2013,9,2013,1,First,5,0.75,4,0.25
14209,9/23/2013,9,2013,1,First,5,0.547717842,4,0.452282157676349
14284,9/23/2013,9,2013,1,First,5,1,5,0
14456,9/23/2013,9,2013,1,First,5,1,5,0
14300,9/24/2013,9,2013,1,First,5,0.72,4,0.28
15854,9/24/2013,9,2013,1,First,5,1,5,0
14301,9/24/2013,9,2013,1,First,5,0.679245283,4,0.320754716981132
15013,9/24/2013,9,2013,1,First,4,1,4,0
16135,9/24/2013,9,2013,1,First,3,1,3,0
16413,9/24/2013,9,2013,1,First,5,1,5,0
14361,9/25/2013,9,2013,1,First,5,1,5,0
14554,9/25/2013,9,2013,1,First,5,1,5,0
16583,9/25/2013,9,2013,1,First,3,0.636363636,4,0.363636363636363
14556,9/25/2013,9,2013,1,First,5,1,5,0
14370,9/25/2013,9,2013,1,First,4,0.5,5,0.5
14172,9/26/2013,9,2013,1,First,4,1,4,0
14458,9/26/2013,9,2013,1,First,5,1,5,0
15994,9/26/2013,9,2013,1,First,3,0.62244898,2,0.222222222222222
14195,9/26/2013,9,2013,1,First,5,1,5,0
14379,9/30/2013,9,2013,1,First,4,0.982378855,5,1.76211453744493E-02
14721,9/30/2013,9,2013,1,First,4,1,4,0
17746,9/30/2013,9,2013,1,First,5,0.536585366,4,0.463414634146342
17201,10/1/2013,10,2013,1,First,3,0.553299492,4,0.446700507614213
15796,10/1/2013,10,2013,1,First,3,1,3,0
15015,10/1/2013,10,2013,1,First,5,1,5,0
14719,10/1/2013,10,2013,1,First,4,1,4,0
17781,10/1/2013,10,2013,1,First,6,0.75,5,0.25
14706,10/1/2013,10,2013,1,First,4,0.71875,5,0.28125
14720,10/1/2013,10,2013,1,First,2,1,2,0
16079,10/1/2013,10,2013,1,First,3,0.75,4,0.25
14445,10/2/2013,10,2013,1,First,4,1,4,0
14298,10/2/2013,10,2013,1,First,4,1,4,0
18496,10/2/2013,10,2013,1,First,3,1,3,0
17211,10/2/2013,10,2013,1,First,5,1,5,0
16930,10/2/2013,10,2013,1,First,2,0.983870968,3,1.61290322580647E-02
16594,10/2/2013,10,2013,1,First,4,1,4,0
15357,10/2/2013,10,2013,1,First,5,1,5,0
16295,10/2/2013,10,2013,1,First,4,0.574468085,5,0.425531914893617
14727,10/2/2013,10,2013,1,First,5,1,5,0
16110,10/3/2013,10,2013,1,First,3,1,3,0
15239,10/3/2013,10,2013,1,First,3,0.5,4,0.5
14470,10/3/2013,10,2013,1,First,3,1,3,0
16146,10/3/2013,10,2013,1,First,4,0.803921569,5,0.196078431372549
16128,10/3/2013,10,2013,1,First,4,1,4,0
14293,10/3/2013,10,2013,1,First,5,1,5,0
14741,10/7/2013,10,2013,1,First,4,0.962457338,3,3.75426621160411E-02
14605,10/7/2013,10,2013,1,First,5,0.755760369,4,0.244239631336406
14553,10/7/2013,10,2013,1,First,5,1,5,0
14413,10/7/2013,10,2013,1,First,5,1,5,0
14360,10/7/2013,10,2013,1,First,5,0.968253968,4,3.17460317460318E-02
14473,10/7/2013,10,2013,1,First,4,1,4,0
14226,10/7/2013,10,2013,1,First,5,1,5,0
14363,10/7/2013,10,2013,1,First,5,0.75,4,0.25
14362,10/7/2013,10,2013,1,First,5,1,5,0
14366,10/7/2013,10,2013,1,First,4,0.818181818,5,0.181818181818182
15254,10/8/2013,10,2013,1,First,6,0.75,5,0.25
16139,10/8/2013,10,2013,1,First,3,0.905405405,2,9.45945945945944E-02
14687,10/8/2013,10,2013,1,First,5,0.880597015,4,0.119402985074627
16124,10/8/2013,10,2013,1,First,2,1,2,0
14247,10/8/2013,10,2013,1,First,4,1,4,0
16114,10/8/2013,10,2013,1,First,2,1,2,0
18498,10/8/2013,10,2013,1,First,5,1,5,0
15364,10/9/2013,10,2013,1,First,4,1,4,0
14126,10/9/2013,10,2013,1,First,4,1,4,0
15380,10/9/2013,10,2013,1,First,5,1,5,0
16144,10/9/2013,10,2013,1,First,3,1,3,0
16259,10/9/2013,10,2013,1,First,4,1,4,0
16260,10/9/2013,10,2013,1,First,3,1,3,0
16261,10/9/2013,10,2013,1,First,2,1,2,0
15375,10/9/2013,10,2013,1,First,4,1,4,0
16137,10/15/2013,10,2013,1,First,4,0.625441696,5,0.374558303886926
16138,10/15/2013,10,2013,1,First,4,1,4,0
15499,10/15/2013,10,2013,1,First,2,0.385214008,3,0.385214007782101
15240,10/15/2013,10,2013,1,First,2,1,2,0
16136,10/15/2013,10,2013,1,First,4,1,4,0
14442,10/15/2013,10,2013,1,First,2,0.5,3,0.5
15999,10/15/2013,10,2013,1,First,4,0.666666667,5,0.333333333333333
14486,10/15/2013,10,2013,1,First,5,0.657407407,4,0.342592592592593
16370,10/15/2013,10,2013,1,First,3,1,3,0
18468,10/16/2013,10,2013,1,First,3,1,3,0
16131,10/16/2013,10,2013,1,First,3,0.513513514,4,0.486486486486486
16296,10/16/2013,10,2013,1,First,4,1,4,0
18515,10/16/2013,10,2013,1,First,5,1,5,0
16130,10/16/2013,10,2013,1,First,4,0.938325991,5,6.16740088105725E-02
16044,10/16/2013,10,2013,1,First,3,1,3,0
14221,10/16/2013,10,2013,1,First,4,0.756756757,3,0.243243243243244
16276,10/16/2013,10,2013,1,First,5,0.926174497,4,7.38255033557047E-02
15901,10/16/2013,10,2013,1,First,2,0.5,3,0.5
16142,10/17/2013,10,2013,1,First,4,0.75,5,0.25
16143,10/17/2013,10,2013,1,First,3,1,3,0
15370,10/17/2013,10,2013,1,First,3,0.962264151,4,3.77358490566038E-02
14444,10/17/2013,10,2013,1,First,3,0.5,4,0.5
15121,10/21/2013,10,2013,1,First,5,0.75,4,0.25
14394,10/21/2013,10,2013,1,First,4,1,4,0
17448,10/21/2013,10,2013,1,First,4,1,4,0
17455,10/21/2013,10,2013,1,First,5,1,5,0
14290,10/21/2013,10,2013,1,First,3,1,3,0
16141,10/21/2013,10,2013,1,First,4,1,4,0
14358,10/22/2013,10,2013,1,First,5,1,5,0
18509,11/6/2013,11,2013,1,First,4,1,4,0
18508,11/6/2013,11,2013,1,First,5,1,5,0
14250,11/6/2013,11,2013,1,First,5,1,5,0
14147,9/15/2014,9,2014,1,First,5,1,5,0
14582,9/15/2014,9,2014,1,First,4,0.933085502,5,6.69144981412639E-02
14470,9/15/2014,9,2014,1,First,4,0.776859504,3,0.223140495867769
14469,9/15/2014,9,2014,1,First,4,1,4,0
14492,9/16/2014,9,2014,1,First,4,0.804979253,3,0.195020746887967
15990,9/16/2014,9,2014,1,First,5,1,5,0
14584,9/16/2014,9,2014,1,First,3,1,3,0
15796,9/16/2014,9,2014,1,First,2,0.75,3,0.25
14379,9/16/2014,9,2014,1,First,4,0.732673267,5,0.267326732673267
14721,9/16/2014,9,2014,1,First,3,0.708333333,4,0.291666666666666
14720,9/16/2014,9,2014,1,First,3,1,3,0
15151,9/17/2014,9,2014,1,First,4,1,4,0
17530,9/17/2014,9,2014,1,First,3,1,3,0
16930,9/17/2014,9,2014,1,First,3,0.642857143,2,0.357142857142857
14609,9/17/2014,9,2014,1,First,5,1,5,0
16734,9/17/2014,9,2014,1,First,4,1,4,0
16295,9/17/2014,9,2014,1,First,5,0.7109375,4,0.2890625
14706,9/17/2014,9,2014,1,First,4,1,4,0
14410,9/17/2014,9,2014,1,First,5,0.888888889,4,0.111111111111111
16088,9/17/2014,9,2014,1,First,4,0.966824645,3,0.033175355450237
15892,9/18/2014,9,2014,1,First,3,0.881278539,4,0.118721461187214
14451,9/18/2014,9,2014,1,First,5,0.838028169,4,0.161971830985915
15711,9/18/2014,9,2014,1,First,3,1,3,0
15210,9/18/2014,9,2014,1,First,3,0.976190476,2,2.38095238095241E-02
14602,9/18/2014,9,2014,1,First,3,1,3,0
14197,9/19/2014,9,2014,1,First,4,1,4,0
14479,9/19/2014,9,2014,1,First,5,1,5,0
16066,9/19/2014,9,2014,1,First,5,1,5,0
16370,9/23/2014,9,2014,1,First,3,0.603603604,2,0.236842105263158
14341,9/23/2014,9,2014,1,First,4,0.756272401,5,0.243727598566308
14450,9/23/2014,9,2014,1,First,3,1,3,0
15319,9/23/2014,9,2014,1,First,4,0.634615385,5,0.365384615384615
16335,9/23/2014,9,2014,1,First,3,0.842975207,4,0.15702479338843
15783,9/23/2014,9,2014,1,First,3,1,3,0
15302,9/23/2014,9,2014,1,First,5,1,5,0
14404,9/23/2014,9,2014,1,First,5,0.529411765,4,0.470588235294118
14392,9/23/2014,9,2014,1,First,5,1,5,0
15714,9/23/2014,9,2014,1,First,3,1,3,0
15752,9/23/2014,9,2014,1,First,5,1,5,0
15303,9/23/2014,9,2014,1,First,3,1,3,0
14825,9/23/2014,9,2014,1,First,5,1,5,0
15301,9/23/2014,9,2014,1,First,5,1,5,0
15304,9/23/2014,9,2014,1,First,3,1,3,0
14183,9/23/2014,9,2014,1,First,3,0.5,4,0.5
14390,9/23/2014,9,2014,1,First,5,1,5,0
14442,9/24/2014,9,2014,1,First,4,0.666666667,3,0.333333333333334
14206,9/24/2014,9,2014,1,First,4,0.610169492,5,0.389830508474576
15825,9/24/2014,9,2014,1,First,4,0.612903226,3,0.387096774193548
15530,9/24/2014,9,2014,1,First,4,1,4,0
14207,9/24/2014,9,2014,1,First,4,1,4,0
15792,9/24/2014,9,2014,1,First,4,0.701570681,3,0.298429319371728
16246,9/24/2014,9,2014,1,First,4,0.808510638,5,0.191489361702128
15571,9/24/2014,9,2014,1,First,4,0.84729064,3,0.152709359605911
14461,9/24/2014,9,2014,1,First,4,0.687763713,5,0.312236286919831
14842,9/24/2014,9,2014,1,First,4,1,4,0
16114,9/24/2014,9,2014,1,First,3,0.794117647,2,0.205882352941177
16400,9/25/2014,9,2014,1,First,5,1,5,0
18685,9/25/2014,9,2014,1,First,5,1,5,0
15499,9/25/2014,9,2014,1,First,4,0.619047619,5,0.380952380952381
14484,9/25/2014,9,2014,1,First,4,0.507537688,5,0.492462311557789
16141,9/29/2014,9,2014,1,First,4,0.924882629,5,7.51173708920188E-02
16080,9/29/2014,9,2014,1,First,3,0.62195122,2,0.378048780487805
16143,9/29/2014,9,2014,1,First,3,1,3,0
14444,9/29/2014,9,2014,1,First,4,1,4,0
16127,9/29/2014,9,2014,1,First,2,0.833333333,3,0.166666666666666
16139,9/29/2014,9,2014,1,First,3,1,3,0
16124,9/29/2014,9,2014,1,First,2,1,2,0
16387,9/29/2014,9,2014,1,First,2,1,2,0
16119,9/30/2014,9,2014,1,First,2,1,2,0
14598,9/30/2014,9,2014,1,First,5,1,5,0
16121,9/30/2014,9,2014,1,First,2,0.763157895,3,0.236842105263158
14441,9/30/2014,9,2014,1,First,3,0.635135135,2,0.364864864864865
16304,9/30/2014,9,2014,1,First,5,1,5,0
15315,9/30/2014,9,2014,1,First,2,1,2,0
18784,9/30/2014,9,2014,1,First,3,0.916083916,4,0.083916083916084
16110,9/30/2014,9,2014,1,First,4,1,4,0
14593,9/30/2014,9,2014,1,First,3,1,3,0
14174,10/2/2014,10,2014,1,First,3,1,3,0
14153,10/2/2014,10,2014,1,First,4,1,4,0
15312,10/2/2014,10,2014,1,First,5,0.743718593,4,0.256281407035176
15020,10/2/2014,10,2014,1,First,2,0.833333333,3,0.166666666666666
16307,10/2/2014,10,2014,1,First,5,1,5,0
16112,10/2/2014,10,2014,1,First,2,0.5,3,0.5
16311,10/2/2014,10,2014,1,First,4,0.673819742,5,0.32618025751073
14792,10/3/2014,10,2014,1,First,5,1,5,0
14248,10/3/2014,10,2014,1,First,5,1,5,0
15540,10/3/2014,10,2014,1,First,5,1,5,0
15276,10/6/2014,10,2014,1,First,4,0.984126984,3,1.58730158730158E-02
15176,10/6/2014,10,2014,1,First,2,0.685185185,3,0.314814814814815
17427,10/6/2014,10,2014,1,First,5,1,5,0
14314,10/6/2014,10,2014,1,First,3,0.728070175,4,0.206712433257056
14724,10/6/2014,10,2014,1,First,3,0.5,4,0.5
16298,10/6/2014,10,2014,1,First,3,1,3,0
16299,10/6/2014,10,2014,1,First,2,1,2,0
16015,10/6/2014,10,2014,1,First,2,1,2,0
14731,10/6/2014,10,2014,1,First,2,1,2,0
16128,10/6/2014,10,2014,1,First,3,0.61627907,2,0.383720930232558
14733,10/6/2014,10,2014,1,First,5,0.532608696,4,0.467391304347826
14580,10/7/2014,10,2014,1,First,4,1,4,0
15008,10/7/2014,10,2014,1,First,4,0.846153846,3,0.153846153846154
16303,10/7/2014,10,2014,1,First,3,1,3,0
15720,10/7/2014,10,2014,1,First,2,1,2,0
14581,10/7/2014,10,2014,1,First,4,0.704035874,5,0.295964125560538
14606,10/7/2014,10,2014,1,First,2,0.5,3,0.5
17405,10/7/2014,10,2014,1,First,5,1,5,0
14595,10/7/2014,10,2014,1,First,2,0.884615385,3,0.115384615384615
15520,10/7/2014,10,2014,1,First,2,1,2,0
14594,10/7/2014,10,2014,1,First,4,1,4,0
14583,10/7/2014,10,2014,1,First,4,1,4,0
14591,10/8/2014,10,2014,1,First,3,0.651515152,2,0.348484848484848
16336,10/8/2014,10,2014,1,First,4,0.650943396,5,0.349056603773585
15333,10/8/2014,10,2014,1,First,5,0.97810219,4,2.18978102189782E-02
14592,10/8/2014,10,2014,1,First,2,1,2,0
15413,10/8/2014,10,2014,1,First,5,1,5,0
15007,10/8/2014,10,2014,1,First,2,0.5,3,0.5
14288,10/8/2014,10,2014,1,First,5,1,5,0
14885,10/8/2014,10,2014,1,First,3,1,3,0
15386,10/8/2014,10,2014,1,First,3,0.75,4,0.25
14866,10/8/2014,10,2014,1,First,2,1,2,0
14263,10/9/2014,10,2014,1,First,5,1,5,0
14589,10/9/2014,10,2014,1,First,4,0.694214876,3,0.305785123966942
14586,10/9/2014,10,2014,1,First,4,0.995708155,3,4.29184549356236E-03
14587,10/9/2014,10,2014,1,First,3,0.5,4,0.5
14588,10/9/2014,10,2014,1,First,3,0.642857143,2,0.357142857142857
14739,10/9/2014,10,2014,1,First,4,1,4,0
15003,10/9/2014,10,2014,1,First,3,1,3,0
14599,10/9/2014,10,2014,1,First,2,0.635135135,3,0.364864864864864
14738,10/9/2014,10,2014,1,First,3,1,3,0
14734,10/9/2014,10,2014,1,First,4,1,4,0
15776,10/9/2014,10,2014,1,First,3,1,3,0
15567,10/9/2014,10,2014,1,First,3,1,3,0
14601,10/14/2014,10,2014,1,First,3,0.636363636,4,0.363636363636363
14310,10/14/2014,10,2014,1,First,5,0.70292887,4,0.297071129707113
15087,10/14/2014,10,2014,1,First,5,1,5,0
18789,10/14/2014,10,2014,1,First,4,1,4,0
15854,10/14/2014,10,2014,1,First,4,0.818181818,5,0.181818181818182
16704,10/14/2014,10,2014,1,First,3,0.763157895,2,0.236842105263158
17169,10/15/2014,10,2014,1,First,2,0.5,3,0.5
14277,10/15/2014,10,2014,1,First,3,1,3,0
14732,10/15/2014,10,2014,1,First,3,1,3,0
14278,10/15/2014,10,2014,1,First,5,0.67816092,4,0.32183908045977
14305,10/20/2014,10,2014,1,First,3,1,3,0
16679,10/21/2014,10,2014,1,First,3,1,3,0
14888,10/21/2014,10,2014,1,First,3,1,3,0
15240,10/21/2014,10,2014,1,First,2,1,2,0
15015,9/8/2015,9,2015,1,First,5,1,5,0
18884,9/14/2015,9,2015,1,First,3,0.5,4,0.5
16258,9/14/2015,9,2015,1,First,3,1,3,0
18159,9/14/2015,9,2015,1,First,4,0.758893281,3,0.241106719367589
16599,9/14/2015,9,2015,1,First,2,0.5,3,0.5
15703,9/14/2015,9,2015,1,First,2,1,2,0
14442,9/14/2015,9,2015,1,First,4,0.511111111,2,0.244444444444444
14450,9/14/2015,9,2015,1,First,4,1,4,0
18875,9/14/2015,9,2015,1,First,3,1,3,0
17271,9/15/2015,9,2015,1,First,2,1,2,0
16239,9/15/2015,9,2015,1,First,4,1,4,0
15837,9/15/2015,9,2015,1,First,4,1,4,0
16221,9/15/2015,9,2015,1,First,5,0.704318937,4,0.295681063122924
17568,9/15/2015,9,2015,1,First,3,1,3,0
15499,9/15/2015,9,2015,1,First,4,1,4,0
16119,9/15/2015,9,2015,1,First,2,1,2,0
14441,9/15/2015,9,2015,1,First,3,0.794117647,2,0.205882352941177
16885,9/16/2015,9,2015,1,First,4,0.605839416,5,0.394160583941606
16984,9/16/2015,9,2015,1,First,3,1,3,0
14404,9/16/2015,9,2015,1,First,5,0.631178707,4,0.368821292775665
15176,9/16/2015,9,2015,1,First,4,1,4,0
16335,9/16/2015,9,2015,1,First,4,1,4,0
16128,9/16/2015,9,2015,1,First,3,0.574144487,4,0.425855513307985
16928,9/16/2015,9,2015,1,First,3,0.608695652,4,0.391304347826087
18874,9/16/2015,9,2015,1,First,4,0.834532374,5,0.16546762589928
16022,9/16/2015,9,2015,1,First,3,1,3,0
15386,9/16/2015,9,2015,1,First,3,1,3,0
15530,9/16/2015,9,2015,1,First,5,0.790697674,4,0.209302325581395
14308,9/17/2015,9,2015,1,First,5,0.934707904,4,6.52920962199312E-02
16225,9/17/2015,9,2015,1,First,5,1,5,0
16202,9/17/2015,9,2015,1,First,5,1,5,0
16881,9/17/2015,9,2015,1,First,4,0.5,5,0.5
16254,9/21/2015,9,2015,1,First,3,1,3,0
16076,9/21/2015,9,2015,1,First,4,0.85,5,0.15
16583,9/21/2015,9,2015,1,First,3,0.743589744,4,0.256410256410256
14804,9/21/2015,9,2015,1,First,3,1,3,0
14254,9/21/2015,9,2015,1,First,5,0.867924528,4,0.132075471698113
18463,9/21/2015,9,2015,1,First,5,1,5,0
14553,9/21/2015,9,2015,1,First,5,1,5,0
18935,9/22/2015,9,2015,1,First,4,1,4,0
14444,9/22/2015,9,2015,1,First,4,0.71641791,3,0.283582089552239
15858,9/22/2015,9,2015,1,First,4,0.791044776,5,0.208955223880597
15240,9/23/2015,9,2015,1,First,2,0.5,3,0.5
17398,9/23/2015,9,2015,1,First,2,1,2,0
14842,9/23/2015,9,2015,1,First,3,0.611111111,2,0.388888888888889
18883,9/23/2015,9,2015,1,First,3,0.817427386,4,0.182572614107884
16114,9/23/2015,9,2015,1,First,2,0.5,3,0.5
16191,9/23/2015,9,2015,1,First,2,1,2,0
16127,9/23/2015,9,2015,1,First,2,1,2,0
15169,9/23/2015,9,2015,1,First,4,0.875,5,0.125
18903,9/23/2015,9,2015,1,First,4,0.666666667,3,0.333333333333334
16370,9/23/2015,9,2015,1,First,3,1,3,0
14825,9/24/2015,9,2015,1,First,5,1,5,0
15993,9/24/2015,9,2015,1,First,5,1,5,0
16049,9/24/2015,9,2015,1,First,5,1,5,0
18877,9/24/2015,9,2015,1,First,3,1,3,0
18881,9/25/2015,9,2015,1,First,3,0.5,4,0.5
16139,9/25/2015,9,2015,1,First,3,1,3,0
16124,9/25/2015,9,2015,1,First,2,1,2,0
18876,9/28/2015,9,2015,1,First,4,0.5,5,0.5
16268,9/28/2015,9,2015,1,First,5,1,5,0
14129,9/28/2015,9,2015,1,First,4,1,4,0
18931,9/28/2015,9,2015,1,First,5,1,5,0
18932,9/29/2015,9,2015,1,First,4,1,4,0
17565,9/29/2015,9,2015,1,First,4,1,4,0
16112,10/1/2015,10,2015,1,First,2,1,2,0
14470,10/1/2015,10,2015,1,First,3,1,3,0
17816,10/1/2015,10,2015,1,First,3,1,3,0
15315,10/1/2015,10,2015,1,First,2,1,2,0
16122,10/1/2015,10,2015,1,First,2,1,2,0
17295,10/1/2015,10,2015,1,First,3,0.75,2,0.25
14866,10/1/2015,10,2015,1,First,2,1,2,0
15312,10/1/2015,10,2015,1,First,5,0.653061224,4,0.346938775510204
14199,10/1/2015,10,2015,1,First,4,1,4,0
17061,10/2/2015,10,2015,1,First,5,1,5,0
15201,10/2/2015,10,2015,1,First,5,1,5,0
14414,10/2/2015,10,2015,1,First,5,1,5,0
15413,10/2/2015,10,2015,1,First,4,1,4,0
16110,10/5/2015,10,2015,1,First,3,0.627906977,4,0.372093023255814
14720,10/5/2015,10,2015,1,First,2,1,2,0
14278,10/5/2015,10,2015,1,First,4,1,4,0
15796,10/5/2015,10,2015,1,First,2,0.905405405,3,9.45945945945943E-02
16440,10/5/2015,10,2015,1,First,2,0.5,3,0.5
17181,10/6/2015,10,2015,1,First,4,1,4,0
17852,10/6/2015,10,2015,1,First,3,1,3,0
16972,10/6/2015,10,2015,1,First,2,1,2,0
15008,10/6/2015,10,2015,1,First,4,1,4,0
18429,10/6/2015,10,2015,1,First,2,0.5,3,0.5
15719,10/6/2015,10,2015,1,First,2,0.777777778,3,0.222222222222222
15051,10/6/2015,10,2015,1,First,4,1,4,0
17342,10/7/2015,10,2015,1,First,5,1,5,0
16588,10/7/2015,10,2015,1,First,5,1,5,0
16428,10/7/2015,10,2015,1,First,5,1,5,0
14413,10/9/2015,10,2015,1,First,5,1,5,0
16944,11/17/2015,11,2015,1,First,4,0.633466135,5,0.366533864541833
14863,11/17/2015,11,2015,1,First,2,0.6,3,0.4
14523,11/18/2015,11,2015,1,First,3,1,3,0
16603,11/18/2015,11,2015,1,First,5,1,5,0
15013,9/19/2016,9,2016,1,First,4,1,4,0
19024,9/20/2016,9,2016,1,First,4,1,4,0
15796,9/20/2016,9,2016,1,First,3,1,3,0
14470,9/20/2016,9,2016,1,First,4,0.736401674,3,0.263598326359833
19021,9/20/2016,9,2016,1,First,5,1,5,0
14720,9/20/2016,9,2016,1,First,2,0.884615385,3,0.115384615384615
16431,9/21/2016,9,2016,1,First,4,1,4,0
14413,9/21/2016,9,2016,1,First,5,1,5,0
14355,9/21/2016,9,2016,1,First,4,0.767955801,5,0.232044198895027
14414,9/21/2016,9,2016,1,First,5,1,5,0
15530,9/21/2016,9,2016,1,First,4,1,4,0
14226,9/21/2016,9,2016,1,First,5,1,5,0
16335,9/21/2016,9,2016,1,First,4,0.576576577,3,0.423423423423424
14727,9/26/2016,9,2016,1,First,4,1,4,0
18413,9/26/2016,9,2016,1,First,4,0.666666667,3,0.333333333333334
16276,9/26/2016,9,2016,1,First,4,1,4,0
15043,9/27/2016,9,2016,1,First,3,1,3,0
15529,9/27/2016,9,2016,1,First,4,1,4,0
15004,9/27/2016,9,2016,1,First,5,0.661087866,4,0.338912133891213
16076,9/27/2016,9,2016,1,First,4,0.72972973,5,0.27027027027027
14254,9/28/2016,9,2016,1,First,4,0.856060606,5,0.143939393939394
14358,9/28/2016,9,2016,1,First,5,1,5,0
14361,9/28/2016,9,2016,1,First,5,1,5,0
14439,9/28/2016,9,2016,1,First,4,1,4,0
19026,9/28/2016,9,2016,1,First,5,1,5,0
14251,9/28/2016,9,2016,1,First,4,1,4,0
14482,9/29/2016,9,2016,1,First,5,1,5,0
14128,9/29/2016,9,2016,1,First,4,1,4,0
16127,9/29/2016,9,2016,1,First,3,0.848837209,2,0.151162790697674
14441,9/30/2016,9,2016,1,First,2,0.6,3,0.4
18867,9/30/2016,9,2016,1,First,3,1,3,0
16119,9/30/2016,9,2016,1,First,2,0.777777778,3,0.222222222222222
16110,9/30/2016,9,2016,1,First,4,0.761904762,3,0.238095238095238
14341,10/5/2016,10,2016,1,First,5,1,5,0
15531,10/5/2016,10,2016,1,First,3,1,3,0
15035,10/5/2016,10,2016,1,First,3,0.635135135,2,0.364864864864865
14319,10/5/2016,10,2016,1,First,5,1,5,0
14456,10/5/2016,10,2016,1,First,5,1,5,0
14316,10/5/2016,10,2016,1,First,5,1,5,0
19018,10/5/2016,10,2016,1,First,5,0.943089431,4,0.056910569105691
14317,10/5/2016,10,2016,1,First,5,1,5,0
14179,10/5/2016,10,2016,1,First,5,1,5,0
14129,10/5/2016,10,2016,1,First,4,1,4,0
14800,10/5/2016,10,2016,1,First,5,1,5,0
14687,10/6/2016,10,2016,1,First,5,0.516949153,4,0.483050847457627
14686,10/6/2016,10,2016,1,First,5,1,5,0
16114,10/6/2016,10,2016,1,First,4,1,4,0
14813,10/6/2016,10,2016,1,First,3,0.5,4,0.5
14520,10/7/2016,10,2016,1,First,5,1,5,0
14880,10/7/2016,10,2016,1,First,3,1,3,0
19019,10/7/2016,10,2016,1,First,2,1,2,0
16141,10/11/2016,10,2016,1,First,4,1,4,0
15102,10/11/2016,10,2016,1,First,5,0.628318584,4,0.371681415929204
14195,10/11/2016,10,2016,1,First,5,0.768472906,4,0.231527093596059
15499,10/12/2016,10,2016,1,First,2,0.5,3,0.5
14442,10/12/2016,10,2016,1,First,2,0.642857143,3,0.357142857142857
15240,10/12/2016,10,2016,1,First,3,1,3,0
16502,10/12/2016,10,2016,1,First,2,1,2,0
14605,10/13/2016,10,2016,1,First,4,1,4,0
19017,10/13/2016,10,2016,1,First,5,1,5,0
19016,10/13/2016,10,2016,1,First,5,1,5,0
16370,10/13/2016,10,2016,1,First,3,0.848837209,2,0.151162790697674
15479,10/13/2016,10,2016,1,First,5,1,5,0
14444,10/17/2016,10,2016,1,First,4,1,4,0
14394,10/17/2016,10,2016,1,First,5,1,5,0
16261,10/17/2016,10,2016,1,First,3,1,3,0
14488,10/18/2016,10,2016,1,First,3,0.5,4,0.5
14450,10/18/2016,10,2016,1,First,4,1,4,0
14183,10/18/2016,10,2016,1,First,4,1,4,0
19020,10/18/2016,10,2016,1,First,3,1,3,0
14555,10/19/2016,10,2016,1,First,5,0.557692308,4,0.442307692307692
14360,10/19/2016,10,2016,1,First,5,1,5,0
14370,10/19/2016,10,2016,1,First,5,1,5,0
14741,10/19/2016,10,2016,1,First,3,0.5,4,0.5
14409,10/21/2016,10,2016,1,First,4,0.62037037,5,0.37962962962963
14404,10/21/2016,10,2016,1,First,3,0.849372385,4,0.150627615062761
14172,10/21/2016,10,2016,1,First,4,1,4,0
15315,10/24/2016,10,2016,1,First,3,0.727272727,2,0.272727272727273
18871,10/24/2016,10,2016,1,First,4,0.958333333,5,4.16666666666667E-02
17990,10/24/2016,10,2016,1,First,3,0.571428571,4,0.428571428571428
16860,10/24/2016,10,2016,1,First,3,1,3,0
15689,10/24/2016,10,2016,1,First,3,1,3,0
15312,10/25/2016,10,2016,1,First,3,0.641304348,4,0.358695652173913
15901,10/25/2016,10,2016,1,First,3,0.777777778,2,0.222222222222222
19025,10/25/2016,10,2016,1,First,4,1,4,0
14221,10/25/2016,10,2016,1,First,3,1,3,0
16131,10/25/2016,10,2016,1,First,4,0.740331492,3,0.259668508287293
14458,10/26/2016,10,2016,1,First,5,1,5,0
14740,10/26/2016,10,2016,1,First,3,1,3,0
14471,10/26/2016,10,2016,1,First,4,1,4,0
15581,10/26/2016,10,2016,1,First,3,1,3,0
16124,10/28/2016,10,2016,1,First,2,0.5,3,0.5
14209,10/28/2016,10,2016,1,First,4,0.770833333,5,0.229166666666667
14280,10/28/2016,10,2016,1,First,5,0.75,4,0.25
14186,10/28/2016,10,2016,1,First,3,0.651515152,2,0.348484848484848
15994,10/28/2016,10,2016,1,First,2,0.8125,3,0.1875
14247,10/28/2016,10,2016,1,First,4,0.783783784,5,0.216216216216216
16139,10/28/2016,10,2016,1,First,3,0.75,2,0.25
14711,10/31/2016,10,2016,1,First,5,1,5,0
19120,10/31/2016,10,2016,1,First,5,0.526315789,4,0.473684210526316
19049,10/31/2016,10,2016,1,First,5,0.539823009,4,0.460176991150443
14712,10/31/2016,10,2016,1,First,4,1,4,0
19121,10/31/2016,10,2016,1,First,3,1,3,0
16333,10/31/2016,10,2016,1,First,4,0.556603774,5,0.443396226415094
15239,11/2/2016,11,2016,1,First,4,1,4,0
15886,11/2/2016,11,2016,1,First,4,1,4,0
15357,11/2/2016,11,2016,1,First,5,1,5,0
14445,11/2/2016,11,2016,1,First,4,1,4,0
14581,10/3/2017,10,2017,1,First,4,1,4,0
14470,10/3/2017,10,2017,1,First,3,1,3,0
14584,10/3/2017,10,2017,1,First,3,1,3,0
19644,10/3/2017,10,2017,1,First,4,1,4,0
19639,10/3/2017,10,2017,1,First,4,1,4,0
19699,10/4/2017,10,2017,1,First,5,1,5,0
14414,10/4/2017,10,2017,1,First,5,1,5,0
14413,10/4/2017,10,2017,1,First,5,1,5,0
19698,10/4/2017,10,2017,1,First,5,1,5,0
14392,10/5/2017,10,2017,1,First,5,1,5,0
14828,10/5/2017,10,2017,1,First,3,0.898305085,4,0.101694915254237
14390,10/5/2017,10,2017,1,First,4,1,4,0
14197,10/5/2017,10,2017,1,First,4,1,4,0
15825,10/6/2017,10,2017,1,First,4,1,4,0
14442,10/6/2017,10,2017,1,First,3,0.832335329,4,0.167664670658683
14461,10/6/2017,10,2017,1,First,4,1,4,0
16066,10/6/2017,10,2017,1,First,5,0.52739726,4,0.472602739726028
15240,10/6/2017,10,2017,1,First,3,1,3,0
19700,10/10/2017,10,2017,1,First,3,0.74301676,4,0.256983240223464
15796,10/10/2017,10,2017,1,First,3,1,3,0
14706,10/10/2017,10,2017,1,First,4,1,4,0
14720,10/10/2017,10,2017,1,First,4,0.52173913,3,0.478260869565217
14316,10/11/2017,10,2017,1,First,5,1,5,0
19693,10/11/2017,10,2017,1,First,5,1,5,0
14456,10/11/2017,10,2017,1,First,5,1,5,0
14800,10/11/2017,10,2017,1,First,4,1,4,0
14825,10/11/2017,10,2017,1,First,5,0.838174274,4,0.161825726141079
14317,10/11/2017,10,2017,1,First,5,1,5,0
19697,10/12/2017,10,2017,1,First,4,0.652892562,3,0.347107438016529
14410,10/12/2017,10,2017,1,First,4,1,4,0
14669,10/12/2017,10,2017,1,First,5,0.608058608,4,0.391941391941392
14444,10/13/2017,10,2017,1,First,3,1,3,0
14458,10/13/2017,10,2017,1,First,5,1,5,0
19682,10/13/2017,10,2017,1,First,3,1,3,0
19681,10/16/2017,10,2017,1,First,4,1,4,0
19696,10/16/2017,10,2017,1,First,3,1,3,0
16139,10/16/2017,10,2017,1,First,3,1,3,0
16124,10/16/2017,10,2017,1,First,2,0.635135135,3,0.364864864864864
14314,10/16/2017,10,2017,1,First,3,1,3,0
15020,10/16/2017,10,2017,1,First,4,1,4,0
14451,10/16/2017,10,2017,1,First,4,0.836461126,3,0.163538873994638
14484,10/17/2017,10,2017,1,First,2,0.401360544,3,0.401360544217687
15499,10/17/2017,10,2017,1,First,4,1,4,0
19655,10/17/2017,10,2017,1,First,4,1,4,0
15479,10/17/2017,10,2017,1,First,5,1,5,0
14605,10/17/2017,10,2017,1,First,4,1,4,0
16127,10/18/2017,10,2017,1,First,3,0.75,2,0.25
14450,10/18/2017,10,2017,1,First,3,0.5,4,0.5
16335,10/18/2017,10,2017,1,First,5,0.525345622,4,0.474654377880184
15530,10/18/2017,10,2017,1,First,4,1,4,0
16863,10/18/2017,10,2017,1,First,2,0.611111111,3,0.388888888888889
14441,10/19/2017,10,2017,1,First,2,0.5,3,0.5
16119,10/19/2017,10,2017,1,First,3,1,3,0
16110,10/19/2017,10,2017,1,First,4,1,4,0
16370,10/23/2017,10,2017,1,First,3,0.763157895,2,0.236842105263158
19679,10/23/2017,10,2017,1,First,3,0.592814371,4,0.407185628742515
19657,11/2/2017,11,2017,1,First,4,1,4,0
16962,11/2/2017,11,2017,1,First,4,1,4,0
19692,11/2/2017,11,2017,1,First,3,0.615819209,4,0.384180790960452
14581,10/1/2018,10,2018,1,First,4,1,4,0
19931,10/1/2018,10,2018,1,First,2,0.5,3,0.5
14548,10/1/2018,10,2018,1,First,2,0.5,3,0.5
14470,10/1/2018,10,2018,1,First,2,0.5,3,0.5
19938,10/1/2018,10,2018,1,First,5,1,5,0
15092,10/1/2018,10,2018,1,First,3,1,3,0
16873,10/1/2018,10,2018,1,First,2,0.727272727,3,0.272727272727273
15499,10/2/2018,10,2018,1,First,2,0.456221198,3,0.456221198156682
14720,10/2/2018,10,2018,1,First,3,1,3,0
15020,10/2/2018,10,2018,1,First,4,0.933962264,3,6.60377358490567E-02
15796,10/2/2018,10,2018,1,First,3,1,3,0
14706,10/2/2018,10,2018,1,First,4,0.915422886,3,8.45771144278608E-02
15240,10/2/2018,10,2018,1,First,2,0.938596491,3,6.14035087719301E-02
16124,10/5/2018,10,2018,1,First,3,1,3,0
16370,10/5/2018,10,2018,1,First,3,1,3,0
16139,10/5/2018,10,2018,1,First,3,1,3,0
16127,10/9/2018,10,2018,1,First,2,1,2,0
16119,10/9/2018,10,2018,1,First,2,1,2,0
16110,10/9/2018,10,2018,1,First,4,1,4,0
19940,10/9/2018,10,2018,1,First,3,1,3,0
14441,10/9/2018,10,2018,1,First,2,0.976190476,3,2.38095238095241E-02
18447,10/9/2018,10,2018,1,First,3,0.983870968,2,1.61290322580648E-02
19933,10/10/2018,10,2018,1,First,3,1,3,0
14451,10/10/2018,10,2018,1,First,4,1,4,0
14410,10/10/2018,10,2018,1,First,4,1,4,0
19957,10/11/2018,10,2018,1,First,4,1,4,0
14740,10/11/2018,10,2018,1,First,3,1,3,0
14444,10/15/2018,10,2018,1,First,3,0.5,4,0.5
19955,10/15/2018,10,2018,1,First,3,0.75,4,0.25
19956,10/15/2018,10,2018,1,First,4,1,4,0
14458,10/15/2018,10,2018,1,First,5,1,5,0
15479,10/16/2018,10,2018,1,First,5,1,5,0
14414,10/16/2018,10,2018,1,First,5,1,5,0
14413,10/16/2018,10,2018,1,First,5,1,5,0
14605,10/16/2018,10,2018,1,First,5,1,5,0
14800,10/17/2018,10,2018,1,First,5,0.965517241,4,3.44827586206897E-02
14461,10/17/2018,10,2018,1,First,3,1,3,0
14442,10/17/2018,10,2018,1,First,3,0.976190476,2,2.38095238095241E-02
16335,10/17/2018,10,2018,1,First,3,1,3,0
14456,10/17/2018,10,2018,1,First,5,1,5,0
14450,10/17/2018,10,2018,1,First,4,1,4,0
15530,10/17/2018,10,2018,1,First,4,1,4,0
14392,10/19/2018,10,2018,1,First,5,1,5,0
15274,10/19/2018,10,2018,1,First,4,1,4,0
14332,10/22/2018,10,2018,1,First,5,1,5,0
14317,10/22/2018,10,2018,1,First,5,1,5,0
16050,10/22/2018,10,2018,1,First,5,1,5,0
14316,10/22/2018,10,2018,1,First,4,0.583011583,5,0.416988416988417
14825,10/22/2018,10,2018,1,First,5,1,5,0
14197,10/23/2018,10,2018,1,First,4,1,4,0
15825,10/23/2018,10,2018,1,First,3,0.848214286,4,0.151785714285715
14828,10/23/2018,10,2018,1,First,4,0.6367713,3,0.363228699551569
14580,10/1/2019,10,2019,1,First,4,0.698113208,5,0.30188679245283
18921,10/1/2019,10,2019,1,First,3,1,3,0
14319,10/1/2019,10,2019,1,First,5,0.786610879,4,0.213389121338912
20123,10/1/2019,10,2019,1,First,2,0.628205128,3,0.371794871794871
14581,10/1/2019,10,2019,1,First,4,1,4,0
15304,10/2/2019,10,2019,1,First,4,0.70781893,3,0.292181069958848
14470,10/2/2019,10,2019,1,First,3,0.981042654,4,1.89573459715638E-02
20127,10/2/2019,10,2019,1,First,4,1,4,0
14825,10/2/2019,10,2019,1,First,5,1,5,0
15783,10/2/2019,10,2019,1,First,4,1,4,0
15301,10/2/2019,10,2019,1,First,5,1,5,0
14316,10/2/2019,10,2019,1,First,5,1,5,0
16649,10/3/2019,10,2019,1,First,5,1,5,0
20129,10/3/2019,10,2019,1,First,3,1,3,0
16139,10/3/2019,10,2019,1,First,3,1,3,0
20206,10/4/2019,10,2019,1,First,2,1,2,0
17366,10/4/2019,10,2019,1,First,4,1,4,0
20249,10/4/2019,10,2019,1,First,4,0.862745098,5,0.137254901960784
15796,10/7/2019,10,2019,1,First,3,1,3,0
14720,10/7/2019,10,2019,1,First,3,1,3,0
15136,10/7/2019,10,2019,1,First,5,0.996282528,4,3.71747211895919E-03
20252,10/7/2019,10,2019,1,First,2,0.5,3,0.5
20251,10/7/2019,10,2019,1,First,2,1,2,0
18671,10/7/2019,10,2019,1,First,2,0.5,3,0.5
14773,10/7/2019,10,2019,1,First,5,0.5,6,0.5
16788,10/8/2019,10,2019,1,First,5,1,5,0
15294,10/8/2019,10,2019,1,First,5,1,5,0
14360,10/8/2019,10,2019,1,First,5,1,5,0
14361,10/8/2019,10,2019,1,First,5,1,5,0
14370,10/8/2019,10,2019,1,First,5,1,5,0
20128,10/9/2019,10,2019,1,First,4,0.965811966,3,3.41880341880341E-02
17324,10/9/2019,10,2019,1,First,3,0.583333333,4,0.416666666666666
14261,10/9/2019,10,2019,1,First,4,0.811145511,3,0.188854489164087
20236,10/9/2019,10,2019,1,First,2,0.62195122,3,0.378048780487805
14263,10/9/2019,10,2019,1,First,5,1,5,0
20124,10/15/2019,10,2019,1,First,3,1,3,0
20122,10/15/2019,10,2019,1,First,2,1,2,0
18818,10/15/2019,10,2019,1,First,3,1,3,0
15499,10/15/2019,10,2019,1,First,2,0.776824034,3,0.223175965665236
