STA_SEQ,Station_Na,YLat,XLong,MinOfNomin,CountOfNom,HydroID,ConteID,Statewide_CFPct_AllYears_NextDown,Statewide_CFPct_AllYears_SqMi,Statewide_CFPct_AllYears_CFPct85,Statewide_CFPct_AllYears_CFPct90,Statewide_CFPct_AllYears_CFPct95,Statewide_CFPct_AllYears_CFPct02,Statewide_CFPct_AllYears_CFPct06,Statewide_CFPct_AllYears_CFPct10,Statewide_CFPct_AllYears_CFPct15
14126,Aspetuck River,41.1864,-73.3429,4,1,102001531,201496904,7052383830,21.929872,0.407022766,0.38782219,0.360346068,0.34729491,0.335110559,0.333867591,0.333066204
14128,Bantam River,41.6884,-73.2668,3,2,103010096,201493421,17932835440,51.009737,0.338086599,0.322392384,0.31948136,0.313982759,0.313722595,0.299505652,0.311310805
14129,Beacon Hill Brook,41.4684,-73.0501,4,4,103015193,201495297,3425419489,10.013329,0.459044002,0.423426974,0.414540634,0.379138598,0.373118819,0.375340404,0.374516268
14132,Blackberry River,42.0236,-73.341,3,3,103003368,201489066,16723579587,45.612144,0.560889497,0.549078814,0.534736147,0.530623639,0.526220188,0.516477554,0.52669985
14137,Blackledge River,41.6084,-72.4263,3,1,106002616,201492526,7858179526,23.155125,0.467235585,0.443353416,0.405176019,0.402697973,0.394334567,0.388402744,0.395728468
14138,Bladens River (Bladdens River),41.3972,-73.0718,5,1,103016676,201495868,99336178737,271.737686,0.359637049,0.336459271,0.322624945,0.31244721,0.30634849,0.301226621,0.30331497
14139,Bladens River (Bladdens River),41.3958,-73.0608,3,1,103016722,201495872,3425429987,10.789277,0.340269237,0.307329234,0.281934519,0.252584344,0.232175503,0.230845937,0.227023434
14145,Branch Brook,41.6434,-73.081,5,1,103011292,201493559,6649281036,22.475434,0.362416214,0.341589531,0.339786147,0.3324609,0.333801468,0.324912225,0.331694861
14146,Branford River,41.3072,-72.7648,5,1,104001553,201496101,3425429996,12.116003,0.47076586,0.448917967,0.397850736,0.336954913,0.427099677,0.384262412,0.419313775
14147,Broad Brook,41.9147,-72.549,5,6,106003766,201488625,5037210724,15.849458,0.205100932,0.19364986,0.187743279,0.171811351,0.165180592,0.163483299,0.163460668
14148,Bunnell Brook,41.7846,-72.9657,3,2,105001294,201491607,1813424649,4.095541,0.422504378,0.406567426,0.388704028,0.333362522,0.313134851,0.314623468,0.311208406
14150,Byram River,41.0276,-73.6621,5,3,102000175,201497248,10276356757,25.978499,0.173705873,0.154756643,0.106347716,0.117479697,0.109634827,0.109763235,0.10857135
14153,Coginchaug River,41.5547,-72.6737,4,4,106002257,201493772,13903122844,37.266084,0.296166722,0.281017676,0.268236271,0.248717679,0.244944854,0.247399115,0.24643666
14156,Comstock Brook,41.1961,-73.4354,5,1,102001655,201496901,2216465591,7.465172,0.21775472,0.202046404,0.180525532,0.190997742,0.18446462,0.185761637,0.185569486
14158,Coppermine Brook,41.6777,-72.9077,4,2,105000017,201492736,4634324567,16.829037,0.398106892,0.355789115,0.342528834,0.324748971,0.316775748,0.31481442,0.313535293
14172,Deep Brook,41.4131,-73.2823,4,2,103016244,201496121,2619449859,5.444505,0.122857896,0.106248352,0.093197996,0.090363828,0.085025046,0.085222779,0.085881888
14174,East Branch Eightmile River,41.4309,-72.3375,3,3,106001093,201494447,15112042653,44.445273,0.574032222,0.556646111,0.534530075,0.517168179,0.508216834,0.508676912,0.509387208
14176,East Branch Naugatuck River,41.8122,-73.1221,4,1,103004350,201491547,3425347012,10.730901,0.477259816,0.454569758,0.442472849,0.432982456,0.425062657,0.42235589,0.422556391
14179,East Branch Naugatuck River,41.797345,-73.115842,5,2,103006978,201491670,5440262874,14.099489,0.388688266,0.367885662,0.358145567,0.35051625,0.344031331,0.341513656,0.341666243
14182,East Aspetuck River,41.6817,-73.354,5,1,103010254,201493735,4835841043,14.001148,0.478221881,0.454496541,0.443453754,0.439072508,0.433025878,0.423366641,0.431411735
14183,East Aspetuck River,41.5979,-73.4152,3,4,103012448,201494833,9671703234,24.513127,0.37262708,0.352531358,0.34259327,0.338817089,0.33149891,0.323975821,0.329874274
14186,Eightmile Brook,41.3885,-73.1648,2,2,103016888,201496076,7052343671,17.935105,0.363352671,0.323544709,0.302720544,0.285437087,0.271354271,0.268813763,0.273494699
14187,Eightmile River,41.4312,-72.3376,3,1,106001093,201494447,15112042653,44.445273,0.574032222,0.556646111,0.534530075,0.517168179,0.508216834,0.508676912,0.509387208
14188,Eightmile River,41.588,-72.8977,3,6,104000096,201493812,6044805269,15.121459,0.397552647,0.356810852,0.35904003,0.324701195,0.311326124,0.309760956,0.303666287
14194,Farm River,41.3331,-72.8153,5,1,104001286,201496000,5440382623,12.721679,0.309158583,0.292973156,0.258459283,0.240074442,0.260799684,0.257979923,0.258797654
14195,Farmill River,41.2591,-73.0979,4,3,103018783,201496584,9873327592,24.749421,0.130642053,0.115992639,0.102444467,0.094779244,0.089041195,0.087722603,0.088331184
14196,Farmill River,41.273,-73.1129,4,1,103018647,201496537,9470334418,22.84447,0.135752857,0.120243627,0.106115786,0.097701871,0.092380384,0.090983298,0.091595504
14197,FARMINGTON RIVER,41.7508,-72.8717,3,4,105001208,201491761,1.35804E+11,387.311775,0.375233055,0.362732706,0.355367521,0.34719849,0.341042777,0.332774147,0.336326206
14199,Fenton River,41.863,-72.2402,3,2,107002323,201488607,5440176642,14.017826,0.578186193,0.559397957,0.541940768,0.521719098,0.511685054,0.497299511,0.512043413
14201,Five Mile River,41.1418,-73.4833,5,2,102001005,201497080,1813473359,6.382733,0.055177839,0.051581727,0.038208687,0.028600326,0.024442322,0.025116593,0.021913806
14202,Five Mile River,41.1365,-73.4793,5,2,102000898,201497080,1813473359,6.382733,0.055177839,0.051581727,0.038208687,0.028600326,0.024442322,0.025116593,0.021913806
14205,Fivemile River,41.8451,-71.8912,4,1,109002789,201487876,23775366927,58.675406,0.589554702,0.56926444,0.554109405,0.531367682,0.525052575,0.520760992,0.516341028
14206,French River,41.9548,-71.884,3,4,109002257,201486242,39692236250,109.078427,0.366650883,0.332928866,0.320114171,0.293639676,0.283603636,0.282331045,0.278723726
14207,French River,42.0248,-71.8843,4,3,109001786,201484922,34856583491,94.337472,0.358570266,0.322830724,0.30993027,0.283178842,0.272232657,0.27172698,0.269035108
14214,Furnace Brook,41.9841,-72.2947,4,2,107003454,201486892,5440134474,14.240566,0.60279044,0.586445715,0.566801823,0.564207822,0.56093384,0.551036341,0.54557131
14215,Furnace Brook,41.9679,-72.2979,4,2,107003218,201487329,6649057370,16.287642,0.587666769,0.57009819,0.547488001,0.54125754,0.535577473,0.526683105,0.522213905
14221,Hammonasset River,41.3278,-72.6116,3,3,104001327,201495759,7455323458,22.370146,0.661022385,0.629545892,0.598229748,0.547575524,0.560708101,0.569014175,0.568292605
14226,Harbor Brook,41.5314,-72.8218,5,8,104000222,201494376,3022412345,11.954417,0.107190013,0.099537871,0.09335614,0.090385308,0.095546753,0.094706518,0.094526467
14235,Hockanum River,41.7822,-72.5912,5,6,106003191,201490886,24783221033,75.446066,0.219478334,0.204149748,0.19045672,0.176359556,0.169855367,0.168405238,0.167425806
14237,Hockanum River,41.7859,-72.5569,5,1,106003227,201490488,19544461833,58.721278,0.235408026,0.220124249,0.205817853,0.189990409,0.182226349,0.180833583,0.179361404
14238,Hockanum River,41.8758,-72.4743,5,2,106003597,201489051,4634235151,18.540086,0.414616218,0.390842618,0.373026927,0.34354689,0.328439338,0.327007892,0.326021356
14241,Hockanum River,41.8503,-72.4878,5,5,106003561,201489364,8664012942,26.362825,0.308154962,0.290682959,0.277633387,0.254310169,0.242458055,0.241900148,0.240879587
14242,Hockanum River,41.8195,-72.5035,4,2,106003361,201489843,11484866357,31.977253,0.260538418,0.244374649,0.2331576,0.212293887,0.202680875,0.201817162,0.200886147
14244,Hockanum River,41.7883,-72.5503,5,2,106003226,201490463,19141480764,55.331494,0.248166901,0.232153624,0.217106329,0.20037991,0.192677978,0.191258177,0.189734646
14247,Hollenbeck River,41.9431,-73.3058,2,4,103004210,201490244,7455150959,19.162446,0.744614348,0.737445956,0.730165266,0.727413951,0.725879204,0.721012933,0.726590428
14248,Hop Brook,41.4987,-73.0537,5,4,103004629,201495033,5037370196,17.599426,0.22331621,0.19441047,0.181547619,0.17602332,0.17447407,0.175391389,0.173964449
14250,South Fork Hockanum River,41.7767,-72.5612,5,2,106003179,201490718,3828323941,11.758085,0.21500061,0.196051507,0.180306359,0.170114732,0.166788722,0.166636153,0.167582082
14251,Housatonic River,41.8806,-73.3654,4,3,103005156,201491264,1.88793E+11,685.681244,0.214425937,0.210640729,0.205454914,0.204569807,0.204701925,0.202513724,0.204916717
14254,Housatonic River,41.8906,-73.3576,4,3,103004659,201491003,1.87584E+11,682.79706,0.211429075,0.20768922,0.202466966,0.201703331,0.201981536,0.199734936,0.20208678
14260,Jeremy River,41.5799,-72.4028,3,1,106002421,201492779,13097011724,41.581588,0.409457513,0.382363343,0.349317255,0.346712212,0.342338845,0.340044337,0.340190979
14263,Kahn Brook,41.5681,-72.1702,4,3,108000399,201492401,201492435,1.7041,0.268996001,0.247737318,0.230688276,0.228583456,0.216796464,0.212376342,0.220164176
14276,Little River,41.928,-71.9315,3,1,109002372,201486680,13902541581,35.375723,0.347694273,0.338801914,0.330639601,0.321311243,0.313818138,0.31418316,0.315633112
14277,Little River,41.6393,-72.0582,3,4,107000331,201491281,13499820060,34.71271,0.496590346,0.474727228,0.463785336,0.434524302,0.446685403,0.443224087,0.442821127
14278,Little River,41.6158,-72.0416,4,6,107000257,201491503,15917716597,41.375867,0.498114418,0.477047915,0.463983216,0.439067526,0.448161666,0.44414776,0.441130829
14280,Little River,41.4058,-73.0926,3,3,103016526,201495871,5843375739,14.540455,0.387127004,0.344660912,0.324833539,0.293736128,0.225474723,0.221183724,0.213588163
14281,Lyman Brook,41.6077,-72.4263,3,1,106002616,201492526,7858179526,23.155125,0.467235585,0.443353416,0.405176019,0.402697973,0.394334567,0.388402744,0.395728468
14283,Mad River,41.9199,-73.0597,3,3,105001793,201489887,12089383880,31.606126,0.593531836,0.583269953,0.568603635,0.562746189,0.554834096,0.550021001,0.554765986
14284,Mad River,41.5439,-73.0384,5,7,103013586,201494616,10276204304,26.111936,0.235036437,0.201640354,0.176033485,0.156127717,0.145508559,0.141662034,0.139312906
14285,Mad River,41.5603,-73.0029,5,1,103013173,201494575,7455280008,18.062979,0.294525491,0.252407869,0.218352367,0.192438413,0.179630366,0.179789226,0.178657352
14288,Mattabesset River,41.6189,-72.7127,5,10,106002689,201493025,12694059880,47.090032,0.218427226,0.204556534,0.195979708,0.186115597,0.185513848,0.184416989,0.181431096
14290,Menunketesuck River,41.3565,-72.5405,3,2,104001140,201495463,2619440073,6.361189,0.496673057,0.456975302,0.406281719,0.361960077,0.335344536,0.337543701,0.336867035
14293,Mianus River,41.0806,-73.5812,4,2,102000324,201497194,9873357062,28.26743,0.318457517,0.287052076,0.233554969,0.252131763,0.237843874,0.237095219,0.235407573
14294,Mill Brook,41.6643,-71.9198,5,1,109003673,201490493,3425341364,9.230431,0.557097326,0.497551306,0.47761194,0.458799751,0.459693719,0.4609375,0.461909204
14296,Mill Brook,41.667,-71.9227,3,1,109003658,201490493,3425341364,9.230431,0.557097326,0.497551306,0.47761194,0.458799751,0.459693719,0.4609375,0.461909204
14298,Mill River,41.208,-73.257,4,3,102001653,201496828,6246396838,20.913803,0.255932058,0.223316462,0.199365188,0.18493609,0.176220297,0.174710474,0.171776615
14301,Mill River,41.3828,-72.8967,3,2,104000807,201495824,10276259585,29.201492,0.297468977,0.264209362,0.24885121,0.243260843,0.241454724,0.241294999,0.240115493
14303,Muddy Brook,41.9838,-72.6582,4,2,106004021,201487964,7858007839,20.91832,0.166020716,0.153450405,0.148305666,0.148339964,0.147396762,0.147276718,0.149043079
14305,Muddy Brook,42.0147,-72.0017,3,4,109001865,201485445,2216339016,5.036896,0.581392035,0.576120254,0.554178243,0.555033127,0.54121251,0.543990881,0.548835221
14314,Natchaug River,41.8008,-72.1182,2,11,107001654,201489080,29215666880,73.487262,0.561058188,0.551160434,0.542043568,0.528831921,0.525703489,0.521066967,0.522579938
14316,Naugatuck River,41.6159,-73.0579,5,10,103011979,201493906,52589420888,137.990455,0.429839953,0.41182327,0.40289681,0.395808151,0.389504522,0.381763405,0.386619149
14317,Naugatuck River,41.4435,-73.0642,5,13,103015834,201495520,94500282857,259.713074,0.35353834,0.331040622,0.317380947,0.307750117,0.302315252,0.296718791,0.298869257
14318,Naugatuck River,41.3387,-73.0806,5,5,103018067,201496261,1.12635E+11,305.929506,0.354288742,0.329897125,0.31542138,0.30307256,0.2932329,0.288284929,0.289653242
14319,Naugatuck River,41.7361,-73.1054,5,5,103008815,201492461,27604310385,65.743397,0.490495832,0.477614465,0.468508577,0.463320021,0.456014578,0.452724674,0.455485356
14321,Naugatuck River,41.6497,-73.0774,5,7,103010788,201493560,44529683092,109.854029,0.439032036,0.421703113,0.411469677,0.404112966,0.396230543,0.388380773,0.393030553
14322,Naugatuck River,41.631,-73.0772,5,7,103011614,201493681,51783445396,134.014452,0.427292023,0.409225103,0.400419153,0.393237886,0.386990747,0.379062715,0.384014389
14323,Naugatuck River,41.5894,-73.0574,5,1,103012677,201494222,52992409483,140.288767,0.426808658,0.408923435,0.400053694,0.393247338,0.38700349,0.379389167,0.384249754
14324,Naugatuck River,41.5571,-73.0544,5,1,103013164,201494512,64679056502,175.091479,0.396144509,0.377205076,0.366720272,0.35966075,0.354313868,0.347194936,0.351372059
14329,Naugatuck River,41.5304,-73.0402,5,4,103013787,201494782,75962734225,207.337342,0.365793887,0.345308613,0.333047897,0.324541344,0.318716336,0.312216617,0.315429281
14330,Naugatuck River,41.5182,-73.0536,5,1,103014274,201494999,77171703666,210.71566,0.362339362,0.341800743,0.329286911,0.32108338,0.315298861,0.308687009,0.311758013
14331,Naugatuck River,41.5051,-73.0469,5,1,103014274,201494999,77171703666,210.71566,0.362339362,0.341800743,0.329286911,0.32108338,0.315298861,0.308687009,0.311758013
14332,Naugatuck River,41.5002,-73.0503,5,6,103014383,201495034,79589643614,216.197,0.358352405,0.336957513,0.324120578,0.315429889,0.30966596,0.303082406,0.306070557
14334,Naugatuck River,41.4834,-73.0523,5,1,103014739,201495224,88052431950,243.620372,0.34435273,0.322743906,0.309452623,0.300628578,0.294830298,0.288621221,0.291005024
14339,Naugatuck River,41.3189,-73.0818,5,1,103018203,201496358,1.14247E+11,310.756865,0.354525131,0.330431874,0.315878729,0.303845375,0.294057092,0.289187191,0.290555011
14341,Naugatuck River,41.7891,-73.1145,5,5,103007276,201491820,21962528363,53.030406,0.498670833,0.486272043,0.476971259,0.472243079,0.465417994,0.461792379,0.465160954
14344,Naugatuck River,41.7806,-73.1175,5,1,103007426,201491889,23171479568,54.717478,0.488997122,0.475991636,0.466519394,0.461629226,0.454785613,0.451114709,0.454189091
14348,Naugatuck River,41.7631,-73.1173,5,3,103007994,201492140,23977447962,56.423316,0.48708853,0.473376054,0.46428526,0.45949829,0.452956733,0.449180557,0.452244727
14349,Nepaug River,41.83,-72.9947,3,2,105001395,201490930,8261128965,19.560676,0.457457733,0.429255144,0.410367844,0.400062346,0.378717864,0.368742436,0.366651997
14355,Nonewaug River,41.5575,-73.2122,3,2,103013116,201494780,9873226140,27.208271,0.264842771,0.250141736,0.240688246,0.229520733,0.2287692,0.224286374,0.22265146
14358,Noroton River,41.0898,-73.5152,5,4,102000434,201497150,2619462727,7.921427,0.039494542,0.031160832,0.017709135,0.023144164,0.020562525,0.020154898,0.019203768
14360,Norwalk River,41.2675,-73.4414,3,6,102002534,201496756,5440411028,11.351172,0.223086162,0.201308553,0.169827423,0.17504267,0.166698274,0.166698274,0.166540236
14361,Norwalk River,41.1359,-73.426,5,7,102000914,201497051,11888311989,33.002011,0.187143401,0.169428897,0.148823561,0.153062001,0.14572624,0.146095745,0.146204423
14362,Ridgefield Brook,41.3158,-73.4792,4,3,102002815,201496686,1410476752,3.958629,0.206090266,0.183614283,0.156788109,0.170473083,0.163222766,0.163222766,0.163222766
14363,Norwalk River,41.3101,-73.4691,5,2,102002788,201496633,2216463274,5.057747,0.216814473,0.19602696,0.169918411,0.18311458,0.176232707,0.175665129,0.175736077
14364,Norwalk River,41.2569,-73.4288,5,1,102002176,201496832,6246398312,15.205554,0.22757189,0.205373782,0.176476139,0.181241301,0.171734566,0.171569437,0.172159185
14366,Norwalk River,41.246,-73.4341,4,5,102002176,201496832,6246398312,15.205554,0.22757189,0.205373782,0.176476139,0.181241301,0.171734566,0.171569437,0.172159185
14369,Norwalk River,41.2048,-73.4306,3,1,102001753,201496896,7455379551,18.399356,0.214995906,0.194681639,0.168596717,0.172924709,0.164268725,0.164346707,0.164736616
14370,Norwalk River,41.1909,-73.4297,4,6,102001545,201496921,9873342068,26.823953,0.213370771,0.194317422,0.17018318,0.176106431,0.168137452,0.168645541,0.168792619
14371,Norwalk River,41.1267,-73.4295,5,1,102000705,201497068,21560165936,58.051665,0.164760404,0.150202367,0.131936849,0.135465134,0.129125344,0.129347793,0.128742237
14377,Pattaconk Brook,41.3991,-72.4651,2,3,106000865,201495036,1410465137,7.970077,0.524146001,0.507718619,0.492866466,0.462442054,0.459246591,0.461136865,0.455331023
14379,Pawcatuck River,41.3978,-71.8422,3,3,110001498,201493717,74149171847,286.94949,0.32228977,0.316235502,0.305494176,0.284218568,0.281348502,0.277484217,0.278524844
14383,Pequabuck River,41.6719,-72.8751,5,4,105001047,201492708,15917921886,46.646276,0.317264505,0.292799791,0.283493817,0.269619455,0.262843783,0.258913739,0.259652064
14385,Pequabuck River,41.6789,-73.015,5,3,105001061,201492970,1007464743,3.021789,0.204084056,0.18983735,0.169891962,0.137836875,0.121096996,0.110411967,0.111599193
14388,Pequabuck River,41.678,-73.0002,5,2,105001054,201492992,5037319109,14.273578,0.462713952,0.449367884,0.438434665,0.415361802,0.409430216,0.398220524,0.402141403
14389,Pequabuck River,41.6693,-72.9936,5,6,105001044,201493039,5440305122,15.506827,0.437436372,0.425104118,0.414831097,0.393822304,0.388061083,0.377741786,0.381397501
14390,Pequabuck River,41.6742,-72.9619,4,10,105000011,201492931,6246276840,17.388843,0.395939505,0.384632843,0.375698929,0.356077331,0.349681226,0.341056802,0.344296119
14391,Pequabuck River,41.6681,-72.9208,5,3,105000008,201492869,9067177147,25.580964,0.307330893,0.293165594,0.286223195,0.273179899,0.266588126,0.261118357,0.26332029
14393,Pequabuck River,41.7046,-72.8504,5,7,105001133,201492413,17529860902,53.317079,0.303180573,0.278540718,0.26968598,0.254674642,0.248147974,0.24460877,0.245187423
14394,Pequonnock River,41.2343,-73.1838,4,5,102002069,201496718,7455373761,21.938561,0.206980015,0.177656756,0.160828182,0.150034344,0.127220096,0.123442253,0.12339319
14395,Pequonnock River,41.2881,-73.2348,4,1,102002656,201496577,3425440474,11.172216,0.286351816,0.242591582,0.220759624,0.206023052,0.164606543,0.157093781,0.157735898
14396,Pine Brook,41.5079,-72.4952,2,3,106001841,201493933,4231361972,15.569033,0.48279835,0.447657672,0.425282854,0.404705394,0.387584395,0.382630136,0.382952739
14397,Piper Brook,41.7186,-72.7274,5,3,106002029,201491823,5037302518,15.636443,0.122006606,0.109436646,0.105583081,0.10418387,0.097004312,0.095926232,0.094022387
14399,Pocotopaug Creek,41.573,-72.5015,5,1,106002345,201493238,1410451114,5.775665,0.353814612,0.30666004,0.292743539,0.274664513,0.275099404,0.271744533,0.266028827
14400,Pocotopaug Creek,41.565,-72.5069,5,2,106002345,201493238,1410451114,5.775665,0.353814612,0.30666004,0.292743539,0.274664513,0.275099404,0.271744533,0.266028827
14401,Pocotopaug Creek,41.5352,-72.5182,3,2,106002132,201493641,2216425361,8.797456,0.409670975,0.358829046,0.343825172,0.316508338,0.293390957,0.292167815,0.287805276
14402,Poland River,41.6912,-73.0045,3,2,105000030,201492903,2216418554,7.214976,0.621991247,0.609807042,0.601104038,0.578277303,0.574447981,0.564352497,0.570419733
14403,Pomperaug River,41.5491,-73.2165,3,1,103013283,201494864,17933001776,54.593765,0.311259323,0.297217203,0.284370996,0.273758912,0.270939974,0.266044617,0.265643789
14404,Pomperaug River,41.4717,-73.256,4,3,103015152,201495594,28007765456,79.945392,0.324789891,0.30187875,0.280053486,0.270136991,0.265560147,0.26136022,0.261274965
14406,Pootatuck River,41.4064,-73.272,3,1,103016444,201496066,5440398795,16.676141,0.294805893,0.277965373,0.235444671,0.207570707,0.185245725,0.184127326,0.182385203
14407,Pootatuck River,41.4142,-73.2823,3,2,103016207,201496027,8261344670,22.197094,0.251615927,0.234891087,0.199744684,0.178107427,0.160283757,0.159491953,0.158344645
14408,Pootatuck River,41.4144,-73.2825,3,3,103016207,201496027,8261344670,22.197094,0.251615927,0.234891087,0.199744684,0.178107427,0.160283757,0.159491953,0.158344645
14409,Pootatuck River,41.4162,-73.2824,3,4,103016184,201496016,9067328739,24.291428,0.242732065,0.224984866,0.187689173,0.168155443,0.15145654,0.150570657,0.149522361
14413,Quinnipiac River,41.528244,-72.856272,5,9,104000231,201494431,24985255045,77.488275,0.241616827,0.214263892,0.205371526,0.19056326,0.182022701,0.178805525,0.174741237
14414,Quinnipiac River,41.4501,-72.8407,5,13,104000393,201495118,34656992317,109.707727,0.193813024,0.171948364,0.164378948,0.152941446,0.146951307,0.144734433,0.141801488
14417,Quinnipiac River,41.5878,-72.891,5,1,104000099,201493813,4231360635,19.771598,0.093495419,0.087126916,0.077927969,0.073627869,0.066969065,0.065844144,0.064882518
14420,Quinnipiac River,41.5502,-72.8705,5,2,104000178,201494271,20552376012,63.992383,0.247544898,0.221861617,0.212865182,0.196150311,0.187770454,0.183572117,0.179648438
14421,Quinnipiac River,41.5185,-72.8258,6,1,104000241,201494483,29821116221,94.625186,0.218599556,0.194289657,0.185870463,0.172887241,0.166181454,0.16358481,0.160142834
14422,Quinnipiac River,41.4912,-72.8174,5,2,104000288,201494740,31030084565,98.389566,0.212487878,0.188419165,0.180099746,0.167569578,0.160941749,0.158451757,0.155130551
14424,Quinnipiac River,41.644,-72.8745,5,1,104000035,201493162,1813438086,10.423369,0.136534159,0.129478575,0.119118912,0.111443813,0.105179831,0.104044054,0.102839442
14431,Rippowam River,41.1134,-73.5471,4,1,102000632,201497129,8664370914,24.934286,0.274154103,0.249683508,0.219026931,0.214207619,0.204482679,0.202655657,0.202037058
14432,Rippowam River,41.0661,-73.5484,5,2,102000017,201497204,11888325294,34.447572,0.203858126,0.185556492,0.162424394,0.159030576,0.150910397,0.149598676,0.149151025
14433,Roaring Brook,41.665,-72.6045,3,2,106002851,201492214,9873098719,26.357967,0.523142667,0.497734046,0.48809864,0.467398849,0.456021448,0.453694253,0.452483022
14435,Salmon Brook,41.9366,-72.7749,3,2,105001845,201488979,25186053712,68.292943,0.486396567,0.466458751,0.458013017,0.439488076,0.433285083,0.429083225,0.42848446
14436,Salmon Brook,41.7191,-72.602,4,3,106002024,201491557,3425353084,8.695292,0.195957096,0.174628713,0.166666667,0.146823432,0.14080033,0.136716172,0.133745875
14437,Salmon Brook,41.7167,-72.5851,4,1,106002030,201491459,3022369943,7.645171,0.214808559,0.19237988,0.183699324,0.161974474,0.15526464,0.150478604,0.147334835
14439,Salmon Creek (Salmon Kill),41.9337,-73.3908,4,3,103004077,201490548,10678966577,32.658336,0.494826791,0.487116403,0.476715067,0.469872372,0.481954177,0.476605233,0.481767458
14441,Salmon River,41.5742,-72.4294,2,10,106002389,201492951,27604441810,83.176027,0.444234576,0.417066639,0.379195398,0.376866718,0.371903179,0.367556309,0.370096295
14442,Sandy Brook,41.974,-73.0406,2,11,105000742,201489043,15111643192,37.664658,0.686906009,0.679192458,0.673345396,0.663803447,0.655070946,0.640167603,0.658127797
14443,Saugatuck River,41.2245,-73.3469,4,1,102001983,201496825,15112247397,39.544241,0.431955883,0.412028807,0.382623444,0.387838769,0.375748286,0.372682582,0.372319777
14444,Saugatuck River,41.2945,-73.3948,3,15,102002697,201496642,8664353269,20.995116,0.422604507,0.407554196,0.381228966,0.389343492,0.380203974,0.375061927,0.376838581
14445,Saugatuck River,41.1693,-73.367,4,5,102001263,201496948,28814028162,80.007249,0.383581113,0.364674868,0.336990244,0.336627094,0.325911911,0.323975108,0.32258079
14446,Scantic River,41.8941,-72.5723,4,3,106003642,201489133,33245405250,101.170548,0.336283123,0.316673403,0.301977635,0.288895034,0.286473512,0.282633822,0.281197927
14450,Shepaug River,41.5489,-73.3308,3,22,103013315,201495041,48156832771,132.452813,0.416609572,0.395486759,0.3930793,0.389214908,0.385483211,0.372243967,0.383500917
14451,Shetucket River,41.7002,-72.1823,4,2,107000655,201490762,1.54542E+11,406.790796,0.485084472,0.461908285,0.44213935,0.425490201,0.41633189,0.410826852,0.413561294
14452,Silvermine River,41.1503,-73.4434,5,2,102000942,201497045,8261374468,21.334269,0.157907129,0.145814763,0.128306901,0.131351015,0.125464606,0.125498242,0.123681865
14453,Spruce Brook,41.4562,-73.0626,3,1,103015370,201495417,1007477114,2.300051,0.573410224,0.558603491,0.533354115,0.519170823,0.540835411,0.548472569,0.533354115
14456,Steele Brook,41.5805,-73.0703,5,8,103012916,201494372,5843330276,17.349928,0.121531654,0.09847827,0.088057727,0.082640698,0.082599347,0.079684076,0.0796634
14458,Still River,41.4389,-73.401,5,14,103015909,201496048,21560101603,58.498885,0.188315671,0.175467324,0.159938917,0.154523599,0.144116132,0.138700814,0.13841257
14459,Still River,41.929,-73.0584,4,2,105000579,201489869,15917704643,42.881547,0.538552282,0.518774158,0.505856466,0.49766578,0.487391865,0.480840989,0.486170373
14460,Still River,41.9476,-73.0487,4,1,105000647,201489408,16723662329,43.958772,0.533541711,0.513677836,0.501044608,0.492516363,0.482413045,0.47560677,0.48082165
14461,Sandy Brook (Still River),41.9685,-73.0331,3,4,105000727,201489158,33648708527,86.271482,0.598029962,0.5836185,0.573651888,0.564138493,0.554159408,0.543302994,0.554400569
14462,Still River,41.3923,-73.4348,5,1,103014877,201496305,11082297279,30.601879,0.196168546,0.185921636,0.170926443,0.164560227,0.154313316,0.14850986,0.148158135
14463,Still River,41.3898,-73.4637,5,2,103016925,201496374,5037410169,14.129024,0.264750685,0.251117091,0.234614603,0.22537321,0.212805931,0.20140652,0.199730883
14464,Still River,41.4063,-73.4253,5,4,103014855,201496287,13500253499,39.10605,0.199700939,0.188224717,0.172363496,0.16707948,0.156988478,0.151658594,0.151429253
14465,Stony Brook,41.9608,-72.711,4,4,106003920,201488416,3425301433,10.463333,0.28472008,0.282697384,0.269361308,0.252734067,0.253488292,0.240735027,0.244266173
14469,Tankerhoosen River,41.8201,-72.5033,4,4,106003361,201489843,11484866357,31.977253,0.260538418,0.244374649,0.2331576,0.212293887,0.202680875,0.201817162,0.200886147
14470,Tankerhoosen River,41.8272,-72.464,3,7,106003411,201489597,3022342781,9.260662,0.369450686,0.344193074,0.319439064,0.297629193,0.287750833,0.286511195,0.281940033
14471,Tenmile River,41.6664,-73.5119,3,3,103010673,201494244,62664239657,210.720874,0.116036987,0.111098628,0.108659238,0.107762128,0.10980999,0.107897017,0.109908723
14472,Ten Mile River,41.5655,-72.8905,5,3,104000145,201494207,7858281269,19.942565,0.338711418,0.304194546,0.286099719,0.26755522,0.26127779,0.250323764,0.244927693
14473,Ten Mile River,41.5267,-72.9331,4,3,104000230,201494632,2216441744,6.298987,0.446121426,0.376808293,0.365702244,0.348843832,0.342294111,0.301287163,0.284200934
14479,Trout Brook,41.7314,-72.7231,5,7,106003070,201491586,4634300621,17.265831,0.118658856,0.113008434,0.111658149,0.09790602,0.107337239,0.106049275,0.105467614
14482,West Branch Naugatuck River,41.8181,-73.1441,4,6,103006502,201491571,13096904052,32.152389,0.607281532,0.597373471,0.588101401,0.58482103,0.578550388,0.573607516,0.579498795
14484,West Branch Salmon Brook,41.9372,-72.8215,2,3,105000642,201489034,6246153923,20.090945,0.625381581,0.606565864,0.591998857,0.56561401,0.56022279,0.556438224,0.555813414
14486,Wepawaug River,41.236,-73.0573,4,2,104002486,201496698,6649382121,19.73268,0.151468877,0.136871001,0.121146015,0.119346277,0.116673938,0.116892088,0.116546684
14488,West Aspetuck River,41.604889,-73.428789,3,3,103012465,201494840,9470213946,25.374558,0.485257951,0.469215548,0.45735689,0.451646643,0.450091873,0.437964664,0.443109541
14489,West River,41.3303,-72.9663,5,3,104001342,201496199,5440390217,18.669701,0.385610239,0.376097777,0.355862175,0.358283529,0.353825163,0.351115552,0.356726944
14490,West River,41.3399,-72.7154,3,4,104001228,201495835,3425425442,11.075266,0.529926156,0.49783003,0.455790906,0.39218163,0.463952585,0.455369867,0.462171266
14491,West River,41.3574,-72.7206,3,1,104001180,201495739,3022433639,9.7819,0.56037549,0.527776759,0.482233875,0.409665946,0.493124565,0.484030655,0.49184115
14492,Willimantic River,41.8326,-72.3079,3,3,107002001,201489347,39693009494,96.60554,0.573367396,0.539046226,0.516978638,0.499775351,0.48602906,0.483526358,0.481680894
14501,Willow Brook,41.6423,-72.7503,5,3,106002734,201492855,3022392049,10.291322,0.239569173,0.236083516,0.230088187,0.227055666,0.232841856,0.230401896,0.23026247
14520,Factory Brook,41.9751,-73.4212,5,3,103003800,201490023,2619371785,9.398963,0.440377128,0.426826475,0.417589129,0.403504084,0.426253913,0.417398275,0.430834415
14521,Factory Brook,41.9668,-73.4277,4,1,103003877,201490157,1410431556,6.827868,0.43427341,0.41836038,0.414736621,0.394517095,0.416732314,0.408224358,0.422351767
14523,Burton Brook,41.9667,-73.4341,3,1,103003881,201490239,604470635,3.720943,0.709509587,0.685615185,0.691492437,0.643799981,0.680412371,0.671259274,0.691396088
14549,Belcher Brook,41.6165,-72.758,5,1,106002657,201493191,1007466265,6.08389,0.230224739,0.215655046,0.2013213,0.186633634,0.188108299,0.187990326,0.18445113
14551,Coginchaug River,41.4435,-72.6882,3,2,106001172,201495007,1410465315,4.541719,0.544650612,0.542676668,0.525148046,0.45811291,0.49435452,0.493091196,0.491512041
14553,Norwalk River,41.2604,-73.4367,4,4,102002459,201496760,5843404620,12.478784,0.226330468,0.201489319,0.170495385,0.175555619,0.167217734,0.167188982,0.167045226
14554,Norwalk River,41.2268,-73.4246,5,1,102001987,201496832,6246398312,15.205554,0.22757189,0.205373782,0.176476139,0.181241301,0.171734566,0.171569437,0.172159185
14555,Norwalk River,41.1639,-73.4193,5,1,102001240,201496962,11082323824,30.007672,0.202376115,0.184531351,0.162156671,0.166698539,0.158738317,0.15912079,0.159252265
14556,Silvermine River,41.1361,-73.4346,5,1,102000927,201497050,8664368577,22.895898,0.147886993,0.136479732,0.119870258,0.122706404,0.117222144,0.117253483,0.115561197
14576,Sawmill Brook,41.6008,-72.7141,4,3,106002517,201493403,3022404053,7.365442,0.295071589,0.283821954,0.275202104,0.237362423,0.261273985,0.264439466,0.257621506
14580,Willimantic River,41.9505,-72.3037,3,6,107003039,201487650,21156125786,53.425843,0.579220186,0.548065237,0.524255873,0.5127742,0.502118402,0.498277749,0.494188662
14581,Willimantic River,41.9423,-72.3058,4,8,107003039,201487650,21156125786,53.425843,0.579220186,0.548065237,0.524255873,0.5127742,0.502118402,0.498277749,0.494188662
14582,Willimantic River,41.7623,-72.2691,3,2,107001203,201490200,48558560012,121.566582,0.519771727,0.487003272,0.464600921,0.448280136,0.436143562,0.432584916,0.431510831
14583,Middle River,41.9525,-72.3039,3,8,107003214,201487352,20350175718,50.445752,0.593783555,0.562758219,0.538275011,0.526051185,0.515519779,0.511466504,0.507107454
14584,Roaring Brook,41.904,-72.2891,2,8,107002762,201488020,9872876822,21.667513,0.594095635,0.572123982,0.562139877,0.549970197,0.538081992,0.537038877,0.53581363
14585,Skungamaug River,41.7659,-72.3927,3,1,107001206,201490417,12492333254,30.745745,0.42773973,0.392271704,0.370127522,0.333936134,0.314638728,0.303414964,0.306308408
14586,Hop River,41.7212,-72.2548,3,2,107000860,201490629,27805619971,79.681653,0.423416975,0.39696495,0.373412023,0.345731032,0.330996948,0.324604525,0.327359569
14587,Tenmile River,41.6937,-72.2632,3,2,107000653,201490963,5238771438,12.869368,0.434680857,0.403281977,0.386203438,0.37205026,0.354637394,0.359847324,0.356894102
14588,Bungee Brook,41.8957,-72.0714,3,1,107002676,201487571,5843120497,16.925987,0.417885145,0.402140284,0.39612206,0.383407502,0.378321678,0.372642509,0.374147065
14589,Still River,41.8716,-72.0877,2,1,107002376,201487997,11887737850,32.773358,0.461276624,0.449904779,0.440196572,0.430028676,0.425836745,0.421754263,0.423155222
14590,Bigelow Brook,41.8671,-72.0921,2,2,107002379,201487996,11484760020,29.354042,0.648504939,0.639794517,0.633881692,0.61906298,0.611232153,0.610254826,0.61260041
14591,Mount Hope River,41.7971,-72.1716,3,4,107001603,201489327,11484834535,35.093562,0.525875642,0.513034944,0.501359724,0.490931768,0.488519026,0.471159548,0.487333102
14592,Fenton River,41.7925,-72.21,2,2,107001546,201489447,10275913710,27.464722,0.519949327,0.500685656,0.479802531,0.460604161,0.454727109,0.443756612,0.453016234
14593,Whetstone Brook,41.831633,-71.878097,3,2,109002854,201487907,5440168838,13.952845,0.497223508,0.480101805,0.460203609,0.444752944,0.420587177,0.428479613,0.423877834
14594,Moosup River,41.7148,-71.8931,3,2,109003390,201489751,28007011997,80.077441,0.435479503,0.415239248,0.402241235,0.374269006,0.36129404,0.351822084,0.354241927
14595,Quanduck Brook,41.721906,-71.836053,3,1,109003308,201489444,6246150318,18.833022,0.595746301,0.572516613,0.566613987,0.537367429,0.516460709,0.501323331,0.502427693
14596,Pachaug River,41.604,-71.9852,5,1,109003928,201491479,20955126261,63.550376,0.518054403,0.503005774,0.49029403,0.463058608,0.457927624,0.456081825,0.4569511
14598,Quinebaug River,41.6022,-71.9868,4,4,109003929,201491478,2.40172E+11,647.465121,0.431280048,0.410441485,0.397197209,0.37798289,0.369608625,0.366626398,0.363903372
14599,Mashamoquet Brook,41.8499,-71.9359,3,2,109002775,201487804,9872897471,28.283417,0.437161519,0.427103811,0.420483227,0.408776714,0.402600038,0.398909252,0.402879067
14600,Blackwell Brook,41.7407,-71.9488,3,2,109003224,201489565,7455087748,22.859067,0.437517653,0.421120351,0.408504629,0.397489408,0.391181547,0.391432606,0.387133218
14601,Broad Brook,41.5632,-71.9834,3,3,109004082,201491977,5843274397,14.015393,0.536089071,0.499104172,0.490094702,0.474430509,0.46416688,0.463757359,0.464627592
14602,Merrick Brook,41.661,-72.1101,3,1,107000473,201490978,1.61392E+11,424.673083,0.480443627,0.45767416,0.43723595,0.421610607,0.412800815,0.407264076,0.409825927
14605,Eightmile River,41.5908,-72.9009,3,7,104000093,201493812,6044805269,15.121459,0.397552647,0.356810852,0.35904003,0.324701195,0.311326124,0.309760956,0.303666287
14606,Middle River,41.9659,-72.3278,3,1,107003335,201487213,5440138403,12.787356,0.578638761,0.529093256,0.496352822,0.498485019,0.489900123,0.485439345,0.485579621
14609,Quinebaug River,41.9081,-71.9096,4,3,109002496,201486936,1.20286E+11,325.527707,0.423421349,0.401473098,0.390713834,0.371215145,0.363372192,0.360640782,0.356661012
14628,Steele Brook,41.5687,-73.0574,5,3,103012916,201494372,5843330276,17.349928,0.121531654,0.09847827,0.088057727,0.082640698,0.082599347,0.079684076,0.0796634
14656,Furnace Brook,41.9554,-72.3013,5,2,107003218,201487329,6649057370,16.287642,0.587666769,0.57009819,0.547488001,0.54125754,0.535577473,0.526683105,0.522213905
14686,Blackberry River,42.0096,-73.2806,3,4,103003481,201489132,15111666577,40.089452,0.574415359,0.562946197,0.548954177,0.544668897,0.539694752,0.530050636,0.540884611
14687,Blackberry River,42.023955,-73.327636,4,1,103003408,201489143,16320601456,44.366732,0.569546167,0.557824449,0.543370358,0.538899937,0.53439718,0.525076393,0.53497114
14706,Whitford Brook,41.3928,-71.9604,3,12,108001825,201494055,5037341050,15.325092,0.477065724,0.4514271,0.434147369,0.41539254,0.387951017,0.390526587,0.386710061
14708,Middle River,41.9519,-72.3084,4,1,107003214,201487352,20350175718,50.445752,0.593783555,0.562758219,0.538275011,0.526051185,0.515519779,0.511466504,0.507107454
14710,Shepaug River,41.683397,-73.298268,3,4,103010169,201493549,15514913904,40.773663,0.553587767,0.522795256,0.532534488,0.532464105,0.526692708,0.511085304,0.527053421
14711,Transylvania Brook,41.484262,-73.258547,5,1,103015005,201495550,3022431351,6.810496,0.512512513,0.441757547,0.384911227,0.376587113,0.354407039,0.354565091,0.349402034
14712,Transylvania Brook,41.484,-73.2584,4,1,103015005,201495550,3022431351,6.810496,0.512512513,0.441757547,0.384911227,0.376587113,0.354407039,0.354565091,0.349402034
14713,Still River,41.9503,-73.049,4,3,105000682,201489398,17126641001,45.083604,0.534669064,0.514473956,0.501583462,0.492687429,0.48186578,0.474465681,0.480115219
14714,Naugatuck River,41.513,-73.0529,5,1,103014274,201494999,77171703666,210.71566,0.362339362,0.341800743,0.329286911,0.32108338,0.315298861,0.308687009,0.311758013
14715,Naugatuck River,41.514,-73.0539,5,1,103014274,201494999,77171703666,210.71566,0.362339362,0.341800743,0.329286911,0.32108338,0.315298861,0.308687009,0.311758013
14716,Steele Brook,41.5916,-73.0962,5,1,103012426,201494209,2619422505,8.401661,0.122453338,0.106778286,0.095417076,0.091786614,0.091103233,0.087643617,0.088284287
14719,Wyassup Brook,41.4566,-71.8172,3,3,110001317,201493112,2216423274,11.452989,0.596968653,0.592772367,0.564306517,0.505996931,0.49597595,0.49462938,0.490902828
14720,Green Fall River,41.4568,-71.8169,2,13,110001265,201492935,1813432928,8.351622,0.724254917,0.720819376,0.70381345,0.671605256,0.66649489,0.662243408,0.660826248
14721,Shunock River,41.4101,-71.8452,3,6,110001465,201493578,7052265618,16.897495,0.462613053,0.450936266,0.437858265,0.413379474,0.408751221,0.406543247,0.409430597
14722,Oxoboxo Brook,41.4462,-72.1253,4,1,108001292,201493826,2619416846,11.21009,0.387335211,0.37703187,0.351337514,0.327243056,0.308620248,0.301996746,0.296940996
14723,Fenger Brook,41.3219,-72.1054,5,1,108002405,201495177,805980321,4.21473,0.191780822,0.171445588,0.158002212,0.143452735,0.138943249,0.137496809,0.137071386
14724,Oxoboxo Brook,41.4673,-72.157,3,1,108001137,201493592,1813441766,5.922652,0.41921609,0.409947295,0.389107651,0.367783365,0.351366087,0.339492337,0.340643363
14725,Seth Williams Brook,41.4257,-71.9573,5,1,108001481,201493655,2216429315,6.345204,0.441520964,0.402761274,0.386974481,0.355117977,0.320375714,0.319809879,0.317207039
14727,Latimer Brook,41.4107,-72.2217,4,2,108001593,201494497,4231376666,10.786845,0.546370164,0.516852812,0.490692727,0.454494083,0.42727031,0.429165005,0.430095732
14731,Trading Cove Brook,41.5021,-72.1235,2,3,108000827,201493122,3022396657,9.418422,0.487202925,0.475129494,0.453267824,0.448545094,0.440127971,0.437576173,0.423293723
14732,Poquetanuck Brook (Hewitt Brook),41.4981,-72.0365,3,3,108000856,201492953,5843296943,18.542169,0.511810567,0.494418758,0.459712522,0.446170513,0.394614149,0.396587414,0.394788261
14733,Oxoboxo Brook,41.4366,-72.1062,5,2,108001367,201493830,3022404450,12.102449,0.370913725,0.360392401,0.336178536,0.313713287,0.293767227,0.287632326,0.282949527
14734,Yantic River,41.5766,-72.1918,3,2,108000330,201492335,12492534916,39.142195,0.451595462,0.427622294,0.408258646,0.394173494,0.38616411,0.382791738,0.379263577
14735,Yantic River,41.5583,-72.112,3,3,108000479,201492476,29417880223,89.779074,0.367586769,0.34873053,0.333034979,0.320659948,0.31355939,0.311166863,0.308628557
14736,Sherman Brook,41.5753,-72.2847,3,1,108000341,201492562,805970265,3.331059,0.582795004,0.539405685,0.488156761,0.482988803,0.478251507,0.453703704,0.404285099
14738,Gardner Brook,41.5433,-72.1734,3,3,108000530,201492694,4634337013,12.106274,0.387998222,0.369951104,0.349918506,0.333886502,0.327189213,0.326248083,0.324581419
14739,Susquetonscut Brook,41.5724,-72.1324,3,3,108000404,201492324,5037292054,15.554782,0.217677036,0.209099085,0.203334333,0.194110729,0.192404363,0.189083866,0.185186893
14740,Quaker Brook,41.512349,-73.52695,3,5,101000269,,,,,,,,,,
14741,Titicus River,41.3287,-73.5218,3,1,101000729,,,,,,,,,,
14792,Long Meadow Pond Brook,41.4864,-73.0556,5,4,103014698,201495150,2619437242,8.211931,0.28902668,0.273525174,0.248766429,0.224488014,0.208418846,0.194751321,0.189817039
14800,Steele Brook,41.6105,-73.1153,3,4,103004492,201494013,1813445715,5.450412,0.120350253,0.10922378,0.108170386,0.104549345,0.107907038,0.104285996,0.105536902
14804,Mill Brook,41.8804,-73.331,3,3,103005089,201491115,1813419385,3.199706,0.411256867,0.40677206,0.402399372,0.401838771,0.391187353,0.364054266,0.385581343
14825,Naugatuck River,41.6743,-73.0695,5,7,103010654,201493244,41305792321,100.893601,0.449369654,0.431817374,0.421859112,0.415001031,0.406642633,0.399084167,0.403858871
14840,Mountain Brook,41.9741,-72.8375,2,2,105000748,201488932,201489026,2.434529,0.646269537,0.632409319,0.589206724,0.536567384,0.54570923,0.5423179,0.544234739
14841,FARMINGTON RIVER,41.8257,-72.9295,3,2,105000209,201490922,1.25729E+11,355.304636,0.37635656,0.365834378,0.359607684,0.354053329,0.349661935,0.341504495,0.346056954
14842,Indian Meadow Brook,41.9305,-73.079,3,3,105000586,201489763,1410427411,4.438863,0.596508244,0.583979955,0.572825736,0.563692208,0.548739088,0.535483349,0.551648885
14843,Sandy Brook,41.9904,-73.058,2,1,105002101,201488861,13499730894,35.010166,0.689887617,0.682634485,0.676344339,0.666581296,0.658262731,0.64511899,0.662555192
14844,Lake Waramaug Brook,41.7243,-73.3345,3,1,103009207,201493171,1007465452,4.130638,0.520364742,0.500217108,0.492053843,0.49118541,0.480851064,0.465219279,0.479114199
14845,Bull Mountain Brook,41.6782,-73.4515,3,1,103010288,201493961,604482115,2.17669,0.371499176,0.353706755,0.345963756,0.330971993,0.333443163,0.324052718,0.324711697
14846,Sawmill Brook,41.5851,-73.5108,2,1,103012506,201495052,201495053,2.348698,0.750954927,0.740106952,0.736592819,0.68342246,0.651031322,0.662948816,0.646600458
14852,Pumpkin Ground Brook,41.2415,-73.1341,5,1,103018853,201496671,1410476703,3.178856,0.138522279,0.097913142,0.08392555,0.082007896,0.085843204,0.082797518,0.085843204
14853,Norwalk River,41.2026,-73.4311,4,2,102001669,201496896,7455379551,18.399356,0.214995906,0.194681639,0.168596717,0.172924709,0.164268725,0.164346707,0.164736616
14856,Pond Meadow Brook,41.3807,-72.5904,3,1,104000774,201495357,2216447440,6.474472,0.516087944,0.49393587,0.471839176,0.41906186,0.39807277,0.403278507,0.402890846
14858,Flat Brook,41.6801,-72.4673,2,1,106002914,201491701,1007458449,2.306999,0.536053574,0.498209002,0.437159321,0.455536521,0.457405389,0.454290609,0.454290609
14859,Shunock River,41.4304,-71.8526,3,1,110001442,201493477,6649278458,15.687875,0.466590441,0.456688772,0.446352618,0.422227304,0.417356506,0.415527098,0.418088269
14860,Flat Brook,41.4062,-72.0747,3,1,108001640,201494127,604482338,1.991129,0.444184372,0.395390709,0.371083903,0.325171048,0.316168527,0.272776377,0.271335974
14861,Latimer Brook,41.4209,-72.2209,3,1,108001530,201494339,3828387613,9.348576,0.537729697,0.510108566,0.482372348,0.442513523,0.411247938,0.41427859,0.415506196
14862,Bentley Brook,41.5582,-72.1366,3,1,108000499,201492616,201492349,1.739545,0.487327426,0.477642695,0.460333814,0.465485267,0.440552236,0.440964352,0.441376468
14863,Rocky Brook,42.0134,-71.802,2,2,109001866,201484795,2820784759,5.1818,0.86728972,0.844167532,0.843959848,0.836413984,0.827206646,0.820906888,0.825406715
14866,Stickney Hill Brook,41.9833,-72.2179,2,4,107003475,201486633,604459931,2.223601,0.684635249,0.662685604,0.657520981,0.663008393,0.653808909,0.65203357,0.654293092
14880,Sages Ravine Brook,42.0495,-73.4301,3,1,103003192,201488953,1007444711,3.561445,0.83684582,0.828678028,0.782998891,0.821115257,0.831803973,0.821921952,0.830493093
14885,Pequabuck River,41.6743,-72.956,3,1,105001051,201492931,6246276840,17.388843,0.395939505,0.384632843,0.375698929,0.356077331,0.349681226,0.341056802,0.344296119
14888,Ekonk Brook,41.7109,-71.8778,2,3,109003452,201489847,1007449214,5.369098,0.519230769,0.508146368,0.468883547,0.438568376,0.447449252,0.440905449,0.44264156
14923,Naugatuck River,41.6596,-73.0779,5,1,103010874,201493343,44126695894,108.664217,0.439830724,0.422810683,0.412521415,0.405331802,0.397399459,0.389803821,0.394514371
14968,Lily Brook,41.5742,-72.9878,4,1,103012823,201494170,1410459393,3.798435,0.405647903,0.376275028,0.310068002,0.28825085,0.281734039,0.277672837,0.279183982
14969,Mad River,41.5744,-72.9884,5,1,103012793,201494164,4231371497,8.579576,0.317671081,0.258225328,0.234271449,0.197191011,0.185276778,0.187492407,0.185903842
14983,Salmon Brook,41.7181,-72.6133,5,1,106002024,201491557,3425353084,8.695292,0.195957096,0.174628713,0.166666667,0.146823432,0.14080033,0.136716172,0.133745875
14997,East Branch Salmon Brook,42.0135,-72.8435,2,1,105002182,201487925,1410414841,5.043497,0.562255564,0.528123444,0.521652563,0.513546185,0.510559625,0.503875418,0.496551234
14998,Still Brook,42.0192,-72.3127,4,1,107003689,201486346,1007431811,2.437309,0.639334609,0.520535846,0.425879582,0.49374356,0.480494627,0.478286471,0.474459002
14999,North Running Brook,41.9645,-71.9657,3,1,109002217,201486380,604458903,1.931708,0.185761958,0.177233964,0.164812755,0.150723026,0.144234334,0.141638858,0.14034112
15001,Beach Brook,41.946,-72.8575,2,1,105001894,201489107,201488947,1.297883,0.901299419,0.893558197,0.886646392,0.883328725,0.858722698,0.858722698,0.860658004
15003,Wappoquia Brook,41.8751,-71.9658,3,1,109002696,201487666,1410412752,4.542068,0.206100838,0.196143512,0.192824403,0.183341236,0.178046468,0.177572309,0.173146831
15005,Bantam River,41.7588,-73.1841,3,4,103008128,201492351,3828344072,10.426496,0.472657862,0.463440638,0.461824185,0.443940019,0.443871234,0.43111157,0.443389737
15006,Hockanum River,41.8078,-72.5204,4,2,106003290,201490199,17529558091,48.974129,0.254310787,0.237573067,0.222813109,0.203958452,0.195373504,0.194633675,0.19298554
15007,Sawmill Brook,41.7398,-72.2017,2,1,107001013,201490302,1007451023,3.470402,0.466025442,0.445857896,0.403144069,0.408935774,0.409142621,0.401075602,0.404902265
15008,Moosup River,41.7172,-71.8422,4,1,109003347,201489501,16723623081,44.516853,0.299194925,0.284800344,0.274169052,0.248000753,0.237987716,0.228754217,0.232557827
15010,Cabin Brook,41.5603,-72.3349,3,3,106002320,201492873,604478616,1.785414,0.24432389,0.230259192,0.218404661,0.217600964,0.222624071,0.221619449,0.217801889
15011,Crooked Brook,41.5999,-71.9067,3,1,109003940,201491385,604474281,1.367381,0.578740157,0.572178478,0.55984252,0.543832021,0.54488189,0.543307087,0.535695538
15012,Pomperaug River,41.5218,-73.2061,3,1,103013863,201495076,21559912054,64.023655,0.320450254,0.304072794,0.289695591,0.279341316,0.275408036,0.270494237,0.270281325
15013,Mill River,41.4259,-72.9056,3,5,104000503,201495483,1007477389,2.449124,0.31067819,0.246374689,0.224403105,0.215321518,0.202577999,0.1993555,0.196572433
15015,Seth Williams Brook,41.4399,-71.9741,5,2,108001341,201493547,1813441861,5.386473,0.423820315,0.380365236,0.362503332,0.329312183,0.291055718,0.290855772,0.288056518
15017,Fivemile Brook,41.3846,-73.1597,3,1,103016986,201496073,604488250,1.917808,0.473989521,0.33757485,0.310628743,0.277694611,0.18619012,0.191991018,0.189371257
15018,Farm River,41.4063,-72.771,4,2,104000560,201495387,1410467415,3.230632,0.280271051,0.276716285,0.244056876,0.222283937,0.234836703,0.236058654,0.235725394
15020,Eightmile River,41.43,-72.3392,3,2,106001093,201494447,15112042653,44.445273,0.574032222,0.556646111,0.534530075,0.517168179,0.508216834,0.508676912,0.509387208
15024,Wood Creek,41.6387,-73.2362,2,1,103011547,201493990,604482015,2.569355,0.434357542,0.424022346,0.413547486,0.406564246,0.412849162,0.403910615,0.408100559
15035,Spruce Brook,41.7472,-73.115,2,1,103008473,201492341,1813431372,5.70547,0.514486833,0.512538495,0.504682295,0.501791214,0.493243668,0.493180818,0.495820502
15043,Furnace Brook,41.8212,-73.3713,3,2,103006457,201491966,5440276583,13.392689,0.607758043,0.490074741,0.560824024,0.566985454,0.569664336,0.563261807,0.565860323
15044,Kent Falls Brook,41.7769,-73.4192,2,1,103007507,201492773,2619406704,6.327133,0.687485831,0.664418499,0.666798912,0.65761732,0.631546135,0.618453865,0.624801632
15046,Charters Brook,41.9062,-72.4035,2,1,106003718,201488403,2216370876,8.684868,0.581729578,0.554596514,0.527959032,0.498761047,0.473734203,0.468695796,0.467415545
15047,Hockanum River,41.8676,-72.4341,5,2,106003602,201489051,4634235151,18.540086,0.414616218,0.390842618,0.373026927,0.34354689,0.328439338,0.327007892,0.326021356
15048,Hockanum River,41.8666,-72.4648,4,3,106003597,201489051,4634235151,18.540086,0.414616218,0.390842618,0.373026927,0.34354689,0.328439338,0.327007892,0.326021356
15051,Durkee Brook,41.8829,-71.9286,4,1,109002632,201487564,1410411663,3.988513,0.19830844,0.19380961,0.189040849,0.17842361,0.177343891,0.17284506,0.174374663
15065,Farm River,41.2791,-72.8672,5,1,104002043,201496352,7052352167,19.745188,0.254587406,0.237109843,0.202572581,0.19118128,0.204607391,0.200864794,0.201209985
15066,Patton Brook,41.6462,-72.8601,5,1,104000050,201493232,604479475,3.072872,0.086047869,0.0744892,0.06012843,0.041330998,0.033741973,0.032224168,0.031406888
15067,Farm River,41.3524,-72.8073,5,2,104001175,201495865,4231406749,10.6614,0.353372582,0.33843566,0.297695542,0.278317914,0.302270816,0.299041211,0.300151388
15087,Muddy River,41.3668,-72.8543,4,4,104001043,201495854,6246357611,22.117864,0.163622798,0.14850618,0.137314692,0.13163785,0.132059558,0.13233529,0.129091381
15092,Fenton River,41.8335,-72.2429,2,1,107002020,201488927,7052087235,18.103289,0.583820528,0.561545017,0.543510573,0.522087239,0.512059296,0.498583008,0.513109653
15102,Means Brook,41.3191,-73.1618,4,1,103018177,201496420,2216460228,5.564389,0.200593204,0.186472371,0.167709072,0.168740731,0.162937649,0.162099426,0.160745374
15138,Bantam River,41.7305,-73.1868,3,1,103009039,201492718,7858187594,21.349907,0.391757254,0.380433139,0.374972698,0.36089316,0.358977805,0.343957392,0.356844033
15151,Little River,41.912,-71.9163,3,2,109002461,201486818,14708488872,38.857941,0.360924187,0.351471851,0.34324721,0.333785642,0.324702538,0.323548688,0.326059465
15169,Roaring Brook,41.7594,-72.8808,4,2,105001230,201491654,1007458190,7.601735,0.315575898,0.299532865,0.275562686,0.221063559,0.193979144,0.186806965,0.184164583
15171,East Branch Salmon Brook,41.955,-72.7794,3,1,105000678,201488786,15514585020,38.469097,0.410226043,0.386511992,0.38022679,0.365455631,0.353883024,0.349024581,0.34752322
15176,Natchaug River,41.7569,-72.1523,3,2,107001169,201489845,34454392887,89.395447,0.558382018,0.546594087,0.532771955,0.520578789,0.515579551,0.51088123,0.514255515
15177,Mill River,41.4211,-72.9022,3,2,104000916,201495503,9470276398,25.338423,0.322869765,0.285957013,0.273001444,0.269051058,0.26309008,0.26262283,0.261490103
15179,Eightmile River,41.4671,-72.3372,3,2,106001382,201494064,5037343085,15.262546,0.64576574,0.632458739,0.608642498,0.582404665,0.572201063,0.568745004,0.569450322
15184,Roaring Brook,41.6643,-72.5977,4,1,106002851,201492214,9873098719,26.357967,0.523142667,0.497734046,0.48809864,0.467398849,0.456021448,0.453694253,0.452483022
15193,Honeypot Brook,41.5396,-72.8789,5,1,104000258,201494751,201494301,3.118393,0.108313211,0.090605956,0.085201794,0.074738416,0.067149592,0.0696792,0.067494538
15201,Spoonshop Brook,41.545673,-72.765549,5,1,104000181,201494038,1410458892,3.448508,0.13848715,0.136094059,0.127978358,0.12381646,0.133700968,0.132036209,0.131724066
15210,Beaver Brook,41.6841,-72.1092,3,1,107000598,201490737,2619376754,7.710848,0.504189554,0.490922633,0.469555907,0.46355088,0.461409552,0.46122335,0.456940695
15221,Scantic River,41.982,-72.5407,3,2,106004040,201487608,23170983628,69.894186,0.396363431,0.373967175,0.358032168,0.342112556,0.340490829,0.336067004,0.33364981
15239,East Branch Byram River,41.0995,-73.6832,3,2,102000513,201497182,201497218,1.562671,0.300505051,0.292929293,0.241505969,0.268365473,0.264003673,0.262855831,0.266988062
15244,Cobble Brook,41.7217,-73.4572,3,1,103009189,201493407,1410453729,3.518008,0.506887052,0.495663708,0.47362514,0.470768289,0.466585042,0.460157127,0.460667279
15250,Mattabesset River,41.6383,-72.7333,5,2,106002731,201492833,9873158692,38.799565,0.204852026,0.194025573,0.187008256,0.181793807,0.1824225,0.181960226,0.179010919
15253,West Branch Bantam River,41.758,-73.1861,4,1,103008170,201492360,3022380054,8.500001,0.355011606,0.338890061,0.327453049,0.315382992,0.311753535,0.293353028,0.307026799
15301,Eagleville Brook,41.8067,-72.2646,5,3,107001725,201489553,201489732,1.473019,0.13,0.119756098,0.113902439,0.092926829,0.097804878,0.097073171,0.097073171
15302,Eagleville Brook,41.804,-72.266,4,3,107001684,201489553,201489732,1.473019,0.13,0.119756098,0.113902439,0.092926829,0.097804878,0.097073171,0.097073171
15303,Eagleville Brook,41.7991,-72.2738,3,1,107001644,201489553,201489732,1.473019,0.13,0.119756098,0.113902439,0.092926829,0.097804878,0.097073171,0.097073171
15304,Eagleville Brook,41.7938,-72.2752,3,4,107001600,201489553,201489732,1.473019,0.13,0.119756098,0.113902439,0.092926829,0.097804878,0.097073171,0.097073171
15308,Blackberry River,42.0171,-73.3178,3,1,103003441,201489143,16320601456,44.366732,0.569546167,0.557824449,0.543370358,0.538899937,0.53439718,0.525076393,0.53497114
15309,Blackberry River,42.0156,-73.3147,3,1,103003441,201489143,16320601456,44.366732,0.569546167,0.557824449,0.543370358,0.538899937,0.53439718,0.525076393,0.53497114
15312,Beaver Brook,41.409952,-72.329059,2,5,106000947,201494645,2619430503,8.381508,0.635974487,0.615812679,0.587988528,0.560977698,0.565129917,0.582594923,0.575917127
15313,Harris Brook,41.4733,-72.2851,4,1,106001496,201493809,2216431519,7.478028,0.488006141,0.465985415,0.448234504,0.422711572,0.407647285,0.406927653,0.408414892
15315,Burnham Brook,41.4603,-72.3343,2,6,106001367,201494065,201494195,1.249929,0.705882353,0.698134864,0.665710187,0.665710187,0.67517934,0.675753228,0.672022956
15319,Nod Brook,41.8158,-72.8294,4,4,105001337,201490889,1410435828,5.64744,0.187674714,0.163151207,0.143011436,0.138437103,0.132401525,0.125412961,0.128526048
15333,Webster Brook,41.6405,-72.7421,5,2,106002739,201492832,1410449215,6.915785,0.024115756,0.017633026,0.012446842,0.0118245,0.010839125,0.010164921,0.010735401
15357,Sasco Brook,41.1457,-73.3012,4,4,102000983,201496958,2619459923,8.005522,0.088680767,0.0818247,0.075147876,0.075954472,0.070756408,0.070487543,0.070487543
15364,West Branch Saugatuck River,41.1718,-73.3643,4,4,102001377,201496923,3828440244,12.284189,0.339893136,0.321089667,0.290023066,0.296534205,0.292066922,0.292504891,0.286606908
15370,Saugatuck River,41.1927,-73.3617,4,1,102001562,201496890,16321228692,42.947577,0.40874431,0.388775212,0.360162024,0.364538356,0.352094208,0.349020754,0.348527999
15375,Aspetuck River,41.1769,-73.3579,4,2,102001415,201496904,7052383830,21.929872,0.407022766,0.38782219,0.360346068,0.34729491,0.335110559,0.333867591,0.333066204
15380,Aspetuck River,41.2287,-73.3241,5,1,102002006,201496795,6246396295,18.078271,0.470557892,0.448932624,0.420383303,0.405801127,0.393143401,0.391615745,0.390782478
15386,Roberts Brook (Mirror Lake outlet),41.815,-72.2319,3,1,107001750,201489256,201489180,1.074793,0.132955681,0.125958014,0.120626458,0.120293236,0.119960013,0.120626458,0.120626458
15406,Little Brook,41.6424,-72.7207,4,2,106002759,201492724,10276144222,39.13976,0.203293984,0.192414855,0.185440114,0.180215933,0.180839169,0.180380907,0.177457198
15413,Belcher Brook,41.605,-72.7577,4,3,106002513,201493424,604480039,4.126815,0.226162538,0.212863972,0.204172099,0.186788353,0.191395046,0.189917427,0.185223816
15426,Bladens River (Bladdens River),41.3872,-73.0191,3,1,103016885,201495886,1410471231,2.382404,0.433067309,0.399337449,0.346333384,0.271796416,0.241078151,0.239873513,0.240475832
15479,Quinnipiac River,41.5996,-72.8854,5,4,104000092,201493770,3828372803,19.194066,0.0954926,0.089288384,0.079851248,0.075702646,0.068844371,0.06770444,0.066714008
15480,Naugatuck River,41.7347,-73.1051,5,2,103008893,201492497,28007295404,66.378959,0.488009424,0.475170483,0.466065427,0.460894187,0.453593931,0.450335563,0.453010342
15499,West Branch Salmon Brook,41.94096,-72.834302,4,3,105000620,201489026,5843176068,17.27487,0.627587352,0.606473312,0.592480329,0.566944173,0.56027986,0.556916561,0.55538024
15507,Guinea Brook,41.8144,-73.3769,4,1,103006567,201492072,3425365085,8.970156,0.578722213,0.567167759,0.542819447,0.531664801,0.521949464,0.482328482,0.516871901
15510,Cobble Brook,41.7454,-73.4542,3,1,103008532,201493153,1813440078,4.539983,0.521388472,0.507313988,0.489206927,0.480192931,0.473234759,0.465723096,0.468964972
15520,Bonemill Brook,41.925,-72.3162,2,2,107002960,201487754,1410414095,2.585687,0.745318352,0.688028853,0.624913303,0.548481065,0.539464558,0.529615758,0.525454293
15529,Macedonia Brook,41.7298,-73.4884,3,2,103009016,201493447,5037329299,17.457999,0.735979292,0.724680554,0.711882164,0.703130778,0.715600477,0.694091787,0.715251243
15530,Weekeepeemee River,41.5575,-73.2155,3,8,103013117,201494779,7858280720,27.141208,0.360596368,0.347088213,0.330725105,0.320574163,0.3156573,0.310304264,0.311136958
15531,Leadmine Brook,41.7164,-73.0604,3,2,103009658,201492679,7858191161,23.583239,0.401511925,0.376034315,0.364748114,0.354328912,0.343103553,0.321717571,0.33382514
15540,Hop Brook,41.5049,-73.0584,5,1,103014245,201495005,4634380023,16.54166,0.227116953,0.199657297,0.186599861,0.183042686,0.180960437,0.181958182,0.180439875
15543,Pease Brook,41.5947,-72.1923,3,3,108000230,201492270,4231329654,12.168821,0.29583321,0.279201439,0.268231547,0.259355371,0.252395978,0.2526024,0.251068975
15567,Pease Brook,41.5807,-72.187,3,1,108000305,201492270,4231329654,12.168821,0.29583321,0.279201439,0.268231547,0.259355371,0.252395978,0.2526024,0.251068975
15571,Cherry Brook,41.8365,-72.9295,3,2,105001405,201490704,5440230636,13.771804,0.584281659,0.544230619,0.53240801,0.517772975,0.504622275,0.501184865,0.500742168
15580,Town Farm Brook,41.5648,-73.3936,4,1,103013254,201495161,604485544,3.271289,0.225986842,0.184100877,0.166337719,0.164254386,0.159429825,0.158881579,0.159868421
15581,Pond Brook,41.4597,-73.3275,3,1,103015303,201495754,4634406980,13.120951,0.26769845,0.243936452,0.207568839,0.193978836,0.175302836,0.174181729,0.176232534
15583,Mad River,41.5413,-73.0089,5,1,103013614,201494575,7455280008,18.062979,0.294525491,0.252407869,0.218352367,0.192438413,0.179630366,0.179789226,0.178657352
15670,Sympaug Brook,41.3921,-73.4285,5,4,103016828,201496333,2216460057,7.279262,0.24774575,0.229169746,0.20719389,0.205469327,0.19433358,0.190145356,0.190391722
15678,Sandy Brook,42.0109,-73.0888,3,1,105000838,201488629,9066976208,22.159912,0.722346314,0.714625619,0.709656534,0.701110356,0.692402318,0.678336732,0.69886051
15689,Moodus River,41.4959,-72.4599,3,1,106001732,201493950,5440332062,15.300419,0.401678545,0.387120218,0.365153788,0.352283383,0.341569767,0.333060722,0.330809265
15703,West Branch Salmon Brook,41.9592,-72.8469,2,1,105001956,201488899,4634242157,12.44195,0.580818127,0.555334544,0.545533166,0.524748479,0.518492894,0.514312895,0.51281386
15711,Little River,41.7561,-72.0473,3,1,107001168,201489524,6246165030,16.326215,0.434420465,0.424311019,0.405432728,0.394729902,0.400290097,0.399784625,0.397345172
15714,Cedar Swamp Brook,41.8164,-72.279,3,1,107001775,201489354,1007446772,2.544683,0.339069111,0.306629055,0.288434415,0.27235543,0.279971791,0.278138223,0.259802539
15720,Blackwell Brook,41.7896,-71.9723,2,2,109003000,201488837,4231260158,12.099671,0.53494783,0.525521698,0.515739862,0.503408821,0.501156035,0.503942376,0.500207493
15752,Eagleville Brook,41.8089,-72.2633,5,1,107001744,201489553,201489732,1.473019,0.13,0.119756098,0.113902439,0.092926829,0.097804878,0.097073171,0.097073171
15768,Mallory Brook,41.9113,-73.0263,3,1,105000523,201489951,1007449880,3.048894,0.498824083,0.47201317,0.468250235,0.460606773,0.436853246,0.444026341,0.437441204
15776,East Branch Mount Hope,41.881,-72.16,3,1,107002553,201487985,1410415115,4.616082,0.703738245,0.698453408,0.694256625,0.674360768,0.673894459,0.65578612,0.669464522
15783,Eagleville Brook,41.7882,-72.2776,3,3,107001502,201489732,604469251,2.453642,0.135518806,0.127469633,0.119713157,0.107127177,0.108297966,0.106688131,0.108151617
15792,West Branch Farmington River,41.9602,-73.0178,4,1,105002004,201489173,41707820235,129.003966,0.151289358,0.149504414,0.148536874,0.148125391,0.149940919,0.142346429,0.148559116
15794,West Branch Farmington River,41.8732,-72.9648,3,1,105001575,201490411,201490358,0.790544,0.680417044,0.664551224,0.670444243,0.657751587,0.644605621,0.439256573,0.408884859
15796,PENDLETON HILL BROOK,41.4748,-71.8342,2,5,110001178,201492977,604479040,4.755081,0.646264151,0.639849057,0.602339623,0.514641509,0.505584906,0.500981132,0.492150943
15825,West Branch Farmington River,41.9168,-72.989,3,4,105001781,201489809,76766956015,220.885707,0.337781134,0.330658807,0.326154171,0.321992173,0.318505708,0.309877157,0.318015297
15837,Farmington River,41.8395,-72.9346,4,1,105000242,201490703,1.06789E+11,308.328928,0.356662598,0.348633356,0.343620606,0.339280255,0.336423138,0.327817415,0.333617208
15854,Muddy River,41.4151,-72.8012,4,3,104000539,201495523,3425416564,13.039983,0.204918033,0.195208494,0.181730663,0.177137199,0.180685444,0.180960502,0.180492904
15856,Misery Brook,41.5699,-72.8733,5,1,104000122,201493949,1007469752,5.42157,0.19138661,0.152752051,0.143291876,0.130259328,0.118748346,0.118946811,0.113455941
15857,Mill River,41.1521,-73.2726,5,1,102000817,201496977,10679328078,34.624795,0.212773012,0.190983878,0.172686394,0.162843466,0.156440383,0.155704754,0.153363173
15858,Cricker Brook,41.1984,-73.2647,5,1,102001620,201496831,2216464994,7.293858,0.25404316,0.247947697,0.231725901,0.228137443,0.224991398,0.225827066,0.223123433
15859,Means Brook,41.2931,-73.1442,4,1,103018486,201496485,3022446158,8.587221,0.141825016,0.130048027,0.115222385,0.115932345,0.11108791,0.110628524,0.109835039
15886,HOUSATONIC RIVER,41.6475,-73.4838,4,1,103010804,201494368,2.91554E+11,1000.434963,0.24499942,0.237524068,0.233449618,0.23152844,0.232439768,0.228928288,0.232138992
15892,Shetucket River,41.6175,-72.085,3,2,107000273,201491517,1.7187E+11,451.913327,0.481024848,0.458994908,0.438685041,0.423421882,0.415219194,0.409888321,0.412323568
15964,Thompson Brook,41.7681,-72.8497,4,3,105001258,201491415,604474141,4.314113,0.211191486,0.191901555,0.183836368,0.179429617,0.173609379,0.172445331,0.162966658
15965,Meadow Brook,41.5871,-72.3868,3,1,106002443,201492658,3425377188,11.316773,0.309842195,0.256290006,0.2277394,0.21405032,0.208948603,0.210532987,0.209772482
15990,Spice Brook,41.8459,-72.3865,3,2,107002132,201489120,1007445752,2.299354,0.469680436,0.43725643,0.37147311,0.362275916,0.344349182,0.330319564,0.336866719
15993,Naugatuck River,41.7174,-73.0867,5,1,103009385,201492618,30022221109,69.486232,0.48076397,0.467280939,0.458392051,0.453147503,0.445838173,0.442699703,0.445332301
15994,Eightmile Brook,41.3842,-73.1642,3,2,103016998,201496076,7052343671,17.935105,0.363352671,0.323544709,0.302720544,0.285437087,0.271354271,0.268813763,0.273494699
15997,Town Farm Brook,41.5562,-73.3912,4,2,103013254,201495161,604485544,3.271289,0.225986842,0.184100877,0.166337719,0.164254386,0.159429825,0.158881579,0.159868421
15999,Silver Brook,41.2665,-73.0049,4,2,104002273,201496532,1007482578,2.859858,0.092927013,0.091923752,0.05944319,0.083019814,0.079884625,0.079884625,0.079884625
16002,Pemberwick Brook,41.0274,-73.661,5,2,102000177,201497261,10477854019,30.72385,0.150822658,0.134766514,0.092786996,0.102257202,0.095554492,0.09556964,0.09456193
16003,Nickelmine Brook,41.8199,-73.1461,4,1,103006456,201491449,1813422851,5.764544,0.438406474,0.431621538,0.426081544,0.408590103,0.405291005,0.382944289,0.398257081
16015,Murphy Brook,41.7828,-72.0398,2,1,107001450,201489149,1007445560,1.843791,0.720708447,0.705138186,0.696379914,0.70241339,0.694044375,0.690541067,0.69346049
16022,Weekeepeemee River,41.5856,-73.2292,3,2,103012530,201494535,3425400335,12.207739,0.313313549,0.294449505,0.2849881,0.274703964,0.277554139,0.269826345,0.273704933
16025,Muddy Brook,41.1276,-73.3294,5,1,102000737,201497038,1007485145,3.136116,0.008582218,0.00801007,0.008353359,0.006636915,0.005950338,0.005950338,0.005721478
16028,Carse Brook,41.8552,-73.3755,3,2,103005564,201491526,1813422107,5.380914,0.684235075,0.679570896,0.654317697,0.671308635,0.668376866,0.650253198,0.673773987
16029,padanaram brook,41.3987,-73.4553,5,1,103016587,201496286,5037405473,13.845121,0.132664697,0.124319701,0.109521588,0.105841497,0.096459856,0.095734204,0.096304359
16035,Nickelmine Brook,41.8342,-73.1786,3,1,103006136,201491345,604474088,1.878193,0.565175841,0.5625,0.557530581,0.522553517,0.526567278,0.501529052,0.511276758
16044,Chatfield Hollow Brook,41.3742,-72.593,3,1,104000815,201495396,2619438281,7.237564,0.536487491,0.51538271,0.492197176,0.432598464,0.414367104,0.423482784,0.42308645
16049,Naugatuck River,41.7412,-73.1148,5,1,103008686,201492438,27201325427,65.060922,0.489100712,0.476156085,0.467048537,0.461794606,0.454451232,0.451121353,0.454054292
16050,Naugatuck River,41.7485,-73.1129,5,1,103008462,201492329,25186401594,58.918655,0.487157633,0.473058121,0.46376194,0.458288943,0.451013935,0.447318597,0.450301654
16063,Marshepaug River,41.7794,-73.2663,4,2,103007792,201492403,3022377944,10.794491,0.370455301,0.352575607,0.359322034,0.3518777,0.339581256,0.3111665,0.341309405
16064,Umpawaug Pond Brook,41.3169,-73.4443,4,1,102002798,201496612,1007483071,2.242713,0.36352,0.3424,0.30192,0.30416,0.29952,0.29648,0.2976
16065,Housatonic River,41.8148,-73.376,3,1,103006566,201492073,2.02091E+11,719.599592,0.244158148,0.236906037,0.233573966,0.232949862,0.233452006,0.230653177,0.23326756
16066,Farmington River,41.914,-72.765,4,3,105000529,201489300,2.02698E+11,577.376678,0.363036543,0.347381469,0.339500814,0.329104065,0.322921308,0.316306436,0.318813552
16071,Hockanum River,41.7874,-72.551,5,1,106003226,201490463,19141480764,55.331494,0.248166901,0.232153624,0.217106329,0.20037991,0.192677978,0.191258177,0.189734646
16076,Housatonic River,41.7673,-73.4379,4,1,103007804,201492784,2.12972E+11,746.930528,0.266192859,0.258706252,0.25470129,0.25350799,0.25335064,0.249785197,0.252838716
16078,South Mountain Brook,41.6621,-72.947,3,1,105001033,201493051,604478986,1.840317,0.26355833,0.221420211,0.210495513,0.213031604,0.204252829,0.200741319,0.200741319
16080,West Branch Salmon Brook,41.9745,-72.896,2,1,105000769,201488641,1007442998,2.482483,0.51060453,0.467465012,0.461405281,0.459529649,0.453469918,0.452459962,0.446977348
16089,Morgan Brook,41.9086,-73.0007,3,1,105001733,201489944,2216390261,7.039144,0.538069514,0.512587912,0.510243604,0.501987565,0.459433289,0.468453776,0.465446947
16090,North Branch Park River,41.7672,-72.7033,5,1,106003163,201491153,9470053100,29.147278,0.129013204,0.120719146,0.116498283,0.110013167,0.108155003,0.103577274,0.104598649
16106,Branch Brook,41.9108,-72.1245,2,2,107002850,201487443,2216358795,5.068518,0.694081041,0.688777314,0.690191641,0.675058341,0.67838201,0.675411923,0.673502581
16108,Knowlton Brook,41.8492,-72.1783,3,1,107002179,201488530,2216372046,6.92343,0.500414422,0.483164111,0.47632615,0.467623291,0.473943224,0.462598425,0.47140489
16110,Mott Hill Brook,41.6615,-72.5365,3,5,106002799,201492240,604476531,2.852909,0.85254152,0.833920483,0.825868143,0.73905385,0.74018621,0.740563664,0.738550579
16111,Beaver Meadow Brook,41.4552,-72.5288,3,1,106001310,201494547,604483603,1.833368,0.618796405,0.607073075,0.601602188,0.585189527,0.548651817,0.540640875,0.535951544
16112,Hemlock Valley Brook,41.4283,-72.4226,2,4,106001029,201494712,604484168,3.194146,0.463250169,0.447516296,0.425039335,0.400314677,0.39008766,0.386940886,0.389300967
16114,Rugg Brook,41.9328,-73.1214,2,3,105001823,201489974,604469582,2.501247,0.75093364,0.741453605,0.729675381,0.726659006,0.707411663,0.704969836,0.707411663
16116,Kettle Brook,41.9324,-72.9442,2,1,105001830,201489446,201489451,1.961592,0.764802632,0.762061404,0.762061404,0.758223684,0.758589181,0.758589181,0.758589181
16119,Day Pond Brook,41.5623,-72.4338,2,5,106002231,201493154,201493176,1.417421,0.639534884,0.627401416,0.621587462,0.613751264,0.613498483,0.614762386,0.614762386
16120,Elbow Brook,41.5211,-72.4869,2,1,106002069,201493694,201493937,1.222129,0.676832845,0.667741935,0.596187683,0.58973607,0.616129032,0.603225806,0.564809384
16121,Flat Brook,41.5544,-72.4523,2,2,106002283,201493246,604479780,2.414375,0.646953938,0.600148588,0.575185736,0.550371471,0.536106984,0.518127786,0.523774146
16122,Early Brook,41.4978,-72.3435,2,2,106001719,201493654,201493686,2.268428,0.649683544,0.629746835,0.611075949,0.549841772,0.530221519,0.506962025,0.523892405
16123,Muddy Brook,41.4756,-72.342,3,1,106001530,201493893,604481761,1.368424,0.661938534,0.636459154,0.635671132,0.599684791,0.587601786,0.592067245,0.587339112
16124,Flat Brook,41.938249,-73.321123,2,6,103004217,201490398,604470971,2.977659,0.675135461,0.6653823,0.661529199,0.646357616,0.657194461,0.649969898,0.658157736
16126,Hall Meadow Brook,41.8861,-73.1689,3,1,103005009,201490600,4634278297,10.506073,0.715988253,0.702397213,0.689386696,0.690718481,0.682591176,0.681703319,0.683410736
16127,Jakes Brook,41.864151,-73.167442,2,4,103005443,201490956,604472899,1.690896,0.74199024,0.734139614,0.730744749,0.73498833,0.736473584,0.734563972,0.734351793
16128,Stonehouse Brook,41.7812,-72.1509,3,7,107001457,201489426,1410424607,5.422613,0.599364701,0.580438091,0.560849712,0.548077559,0.549401099,0.513069949,0.537820131
16131,Chatfield Hollow Brook,41.3314,-72.595,3,5,104001320,201495725,4634394434,11.430401,0.584988547,0.564435658,0.52885249,0.478207663,0.468354828,0.472465405,0.473092974
16133,Wharton Brook,41.4324,-72.8321,3,1,104000497,201495315,1410466349,5.870183,0.020095285,0.018079648,0.018018568,0.015086733,0.014598094,0.014598094,0.014659174
16135,Sargent River,41.4272,-72.9899,3,1,104000529,201495669,201495691,1.508463,0.462817771,0.439771917,0.394392967,0.429555714,0.418389166,0.411261582,0.420052269
16136,Wintergreen Brook,41.3458,-72.9585,4,1,104001217,201496082,201496099,1.927538,0.458488459,0.455137751,0.414743112,0.409530901,0.447505585,0.454020849,0.454020849
16137,Indian River,41.2651,-73.0129,5,1,104002255,201496531,201496572,2.408467,0.033224076,0.025476758,0.020262217,0.019666269,0.017878427,0.017431466,0.015941597
16138,Wepawaug River,41.3297,-73.0296,4,1,104001314,201496249,1813465805,5.847942,0.195606823,0.169100503,0.145232544,0.14774819,0.141796539,0.142839612,0.142532826
16139,Brown Brook,41.9267,-73.2799,2,8,103004094,201490357,2216393202,5.602963,0.938164128,0.931890923,0.914927666,0.917488158,0.926961977,0.91838433,0.924849571
16140,Bruce Brook,41.1899,-73.1551,5,2,102001391,201496858,1,4.014922,0.005186908,0.00482919,0.004113754,0.002682883,0.002593454,0.002682883,0.002682883
16141,Pequonnock River,41.2534,-73.2059,4,3,102002384,201496673,5037413550,14.491807,0.260537062,0.223091202,0.203440168,0.188169781,0.155500557,0.149783443,0.149783443
16143,Little River,41.2931,-73.3678,3,7,102002649,201496681,2216462562,6.170069,0.401499303,0.381508601,0.35460251,0.336878196,0.320548582,0.318921432,0.318456532
16144,Aspetuck River,41.3076,-73.332,3,1,102002766,201496625,2216461898,8.006562,0.564179506,0.536680401,0.502552848,0.480472949,0.46372268,0.464260122,0.463006091
16145,Horseneck Brook,41.022,-73.6328,5,1,102000157,201497254,1208983283,7.900926,0.115030187,0.106132825,0.079213764,0.091152572,0.085296654,0.086295338,0.084888102
16191,Hall Meadow Brook,41.9173,-73.1949,2,1,103004719,201490289,1813412303,3.893646,0.671025972,0.653803647,0.637778596,0.637778596,0.622674526,0.616780254,0.631976423
16202,Coginchaug River,41.5666,-72.6644,5,1,106002257,201493772,13903122844,37.266084,0.296166722,0.281017676,0.268236271,0.248717679,0.244944854,0.247399115,0.24643666
16204,Steele Brook,41.6175,-73.131,3,1,103011912,201493944,604481901,1.80939,0.062115499,0.055566581,0.058940266,0.057551101,0.056757293,0.046437785,0.047231594
16205,Norwalk River,41.1231,-73.425,5,1,102000705,201497068,21560165936,58.051665,0.164760404,0.150202367,0.131936849,0.135465134,0.129125344,0.129347793,0.128742237
16225,Farmington River,41.9015,-72.6708,5,2,105000461,201489095,2.0834E+11,592.274704,0.359313997,0.343553021,0.335665872,0.325488221,0.319460968,0.312964624,0.31543533
16239,West Branch Farmington River,41.878,-72.965,4,1,105001575,201490411,201490358,0.790544,0.680417044,0.664551224,0.670444243,0.657751587,0.644605621,0.439256573,0.408884859
16243,Fivemile River,41.918,-71.83,3,1,109002423,201486563,15111421720,37.145152,0.593518858,0.572227265,0.561190398,0.540671289,0.532608486,0.530252409,0.524951237
16254,Shepaug River,41.6568,-73.318,3,2,103010896,201493868,35261192521,97.208098,0.436495198,0.414370634,0.416392693,0.413322706,0.410142024,0.394821962,0.409204792
16258,West Branch Farmington River,41.9735,-73.0209,3,3,105000784,201488988,41304841656,127.281795,0.145574792,0.143844611,0.143021788,0.142700549,0.144622347,0.137043508,0.14331203
16259,Aspetuck River,41.2132,-73.3291,4,1,102001802,201496904,7052383830,21.929872,0.407022766,0.38782219,0.360346068,0.34729491,0.335110559,0.333867591,0.333066204
16260,Aspetuck River,41.2589,-73.3247,3,1,102002420,201496713,3828435342,14.188445,0.505536175,0.483062844,0.455002781,0.437180848,0.424793973,0.423201375,0.422063805
16261,Aspetuck River,41.2771,-73.3275,2,2,102002558,201496713,3828435342,14.188445,0.505536175,0.483062844,0.455002781,0.437180848,0.424793973,0.423201375,0.422063805
16268,Farmill River,41.288,-73.1461,5,1,103018517,201496520,4231426455,9.579659,0.110079725,0.096343152,0.080360819,0.073473818,0.069094584,0.068982296,0.068832579
16276,Latimer Brook,41.4375,-72.2253,4,1,108001365,201494100,3022410185,6.15026,0.580058309,0.564781341,0.547405248,0.505422741,0.464431487,0.465539359,0.467172012
16288,Branch Brook,41.9199,-72.1256,2,2,107002850,201487443,2216358795,5.068518,0.694081041,0.688777314,0.690191641,0.675058341,0.67838201,0.675411923,0.673502581
16289,Staddle Brook,41.727,-72.3782,3,1,107000929,201490815,1410436301,4.495851,0.451638625,0.447811179,0.40794195,0.393030859,0.36296946,0.378598198,0.381468782
16295,Latimer Brook,41.3695,-72.2002,3,2,108002043,201494812,6246323189,16.850929,0.527436039,0.491379677,0.463645652,0.435038951,0.41198757,0.414243753,0.412434549
16296,fourmile river,41.3208,-72.2575,4,1,108002430,201495455,1611959241,6.718409,0.545876701,0.528582866,0.509847878,0.49314118,0.471684014,0.474886576,0.474246064
16298,Stony Brook,41.4716,-72.1182,3,2,108001091,201493599,1813441269,7.777217,0.489990775,0.483164207,0.456595941,0.444695572,0.442619926,0.447140221,0.398385609
16299,Hunts brook,41.4293,-72.172,2,1,108001436,201494104,1007470249,2.786885,0.624967792,0.609894357,0.581808812,0.55990724,0.562999227,0.56222623,0.561324401
16300,Hop River,41.7712,-72.4089,3,1,107001334,201490315,2216392826,8.194902,0.349573211,0.315824032,0.281111841,0.269468155,0.258743708,0.261851609,0.26132633
16301,Pequabuck River,41.6698,-72.9272,5,1,105001042,201492869,9067177147,25.580964,0.307330893,0.293165594,0.286223195,0.273179899,0.266588126,0.261118357,0.26332029
16303,Moosup River,41.6977,-71.823,3,1,109003460,201489745,15514685753,41.806762,0.278864854,0.265909703,0.256425216,0.23450917,0.226026987,0.21844239,0.223304311
16304,Quinebaug River,41.7809,-71.901,3,2,109003033,201488745,1.7368E+11,465.504422,0.437413109,0.417038808,0.405507091,0.386679391,0.378453866,0.375689212,0.372365927
16307,Long Hill Brook,41.5408,-72.653,5,3,106002177,201493840,1007469326,4.620949,0.101918745,0.088169036,0.081410705,0.077371242,0.070923639,0.064786763,0.060747301
16311,Reservoir Brook,41.6089,-72.5999,4,1,106002614,201492892,1410449572,6.432774,0.707947832,0.696522127,0.687604503,0.662802363,0.668933229,0.658677962,0.66157619
16312,Mad River,41.9458,-73.1286,2,1,105001895,201489657,4634262216,8.618493,0.721997919,0.711758585,0.681997919,0.691363163,0.68516129,0.689947971,0.68516129
16313,Mad River,41.9477,-73.1444,3,1,105000646,201489714,3828303537,7.468643,0.73069716,0.72281747,0.686590112,0.6968241,0.691442848,0.700187383,0.692355739
16316,Jim Brook,41.8377,-72.8817,3,2,105001412,201491183,201491592,4.044112,0.330614416,0.310488518,0.303927653,0.289298697,0.258622218,0.258622218,0.257558294
16317,Coppermine Brook,41.7137,-72.9261,3,1,105000062,201492318,2216414010,7.311579,0.594778939,0.545708818,0.535355022,0.515628834,0.501398498,0.497521959,0.496147995
16319,Pequabuck River,41.6708,-72.9774,5,1,105001044,201493039,5440305122,15.506827,0.437436372,0.425104118,0.414831097,0.393822304,0.388061083,0.377741786,0.381397501
16320,Sumner Brook,41.5493,-72.6416,4,1,106002161,201493835,3223903595,7.401579,0.295394004,0.287257229,0.280621882,0.272969439,0.269675982,0.267787088,0.265801327
16321,Bass Brook,41.6931,-72.7587,5,1,106002975,201492236,2619397868,8.492358,0.19397626,0.171587885,0.166898999,0.16330841,0.151818527,0.149875385,0.146664977
16322,Ogden Brook,41.8456,-72.4816,4,2,106003539,201489384,1007446983,1.758657,0.011226781,0.011022658,0.010206165,0.010410288,0.010002041,0.009593795,0.009797918
16323,Coginchaug River,41.5394,-72.6858,4,1,106002178,201493911,13500135448,36.104765,0.301886605,0.286250886,0.273277411,0.253082101,0.249575488,0.252088726,0.251125152
16325,Willow Brook,41.5425,-72.7707,5,2,104000259,201494495,201494001,3.0621,0.063949403,0.048254861,0.043335676,0.038416491,0.038767861,0.038650738,0.038533614
16326,Wharton Brook tributary to,41.4309,-72.8196,5,1,104000478,201495248,201495315,1.277381,0.002529511,0.001405284,0.001124227,0.001124227,0.000562114,0.000562114,0.000562114
16327,Housatonic River,41.8508,-73.3758,4,1,103005749,201491633,1.9524E+11,700.643903,0.227443574,0.2235109,0.218079168,0.217310822,0.217574255,0.214806885,0.217694211
16331,Sumner Brook,41.4835,-72.6375,2,1,106001514,201494530,201494250,1.570664,0.582362349,0.548320768,0.532328079,0.525017135,0.525017135,0.517249257,0.519076993
16332,East Aspetuck River,41.6546,-73.3785,5,1,103011123,201494139,7253768886,18.337501,0.429026957,0.406021362,0.394577253,0.391838491,0.385500215,0.37689268,0.383993896
16333,Bullet Hill Brook,41.4826,-73.2205,3,1,103014760,201495451,1410468216,3.521483,0.24605357,0.180771973,0.131683471,0.130665037,0.115592219,0.118138303,0.119156737
16334,Nonewaug River,41.6255,-73.1593,3,1,103004431,201493939,201494133,2.059237,0.279588635,0.24228691,0.252745337,0.229213875,0.233397246,0.237232003,0.245424438
16335,Nonewaug River (Nonnewaug River),41.5783,-73.1745,3,3,103012707,201494501,5843331453,16.514205,0.180921767,0.166825942,0.161656748,0.151122888,0.150992572,0.149472221,0.150623344
16336,Hatchery Brook,41.622,-72.7697,4,2,106002542,201493590,201493035,3.309166,0.254171181,0.224052004,0.212026002,0.200325027,0.193932828,0.198266522,0.19631636
16337,Beaver Brook,41.3351,-73.0766,5,1,103018063,201496262,1410473686,3.621909,0.490891089,0.483960396,0.458712871,0.468910891,0.46019802,0.46029703,0.462079208
16338,West Branch Naugatuck River,41.8561,-73.1602,3,1,103005596,201490987,8261112982,19.379627,0.711881976,0.702830276,0.692353257,0.694074746,0.686577939,0.689484109,0.693556448
16340,Saugatuck River,41.322,-73.4229,3,1,102002847,201496597,6246393729,15.818527,0.444708977,0.430537605,0.402716369,0.412171508,0.404258214,0.397592001,0.399292565
16341,Nod Brook,41.8286,-72.8667,3,1,105001382,201490653,201490856,1.471628,0.389309251,0.358799121,0.328777154,0.317305345,0.301440078,0.285574811,0.302904564
16342,Blackledge River,41.6814,-72.463,3,1,106002921,201491666,2619385398,7.852276,0.462837838,0.446402484,0.4247626,0.412527392,0.41649927,0.414947042,0.414718773
16343,Green Fall River,41.4523,-71.809,3,2,110001291,201492972,4634335128,20.332104,0.64394073,0.639989416,0.616898924,0.570135826,0.562391956,0.559869466,0.557205856
16345,Sasco Brook tributary to,41.1817,-73.3142,3,1,102001474,201496880,604490642,2.042559,0.169390265,0.149885785,0.131787032,0.137937094,0.128096995,0.127218415,0.128624143
16346,Norwalk River,41.1703,-73.4172,4,1,102001342,201496951,10679329858,29.104193,0.207712025,0.189682794,0.166921352,0.171579622,0.163606339,0.16400069,0.164136248
16370,Bunnell Brook,41.7807,-72.963,3,5,105001294,201491607,1813424649,4.095541,0.422504378,0.406567426,0.388704028,0.333362522,0.313134851,0.314623468,0.311208406
16373,East Mountain Brook,41.8772,-72.9778,2,1,105001580,201490300,1410432143,3.038468,0.466666667,0.451891253,0.443026005,0.43179669,0.422813239,0.417612293,0.41678487
16385,Beaver Brook,41.932,-72.9754,2,1,105000580,201489853,1410427448,6.339991,0.575889574,0.569383945,0.531990722,0.561916615,0.557956667,0.541381456,0.539288341
16387,Hurricane Brook,42.033,-72.9207,2,3,105000877,201487966,604464029,1.815646,0.62556807,0.625172891,0.62892709,0.610353685,0.629322268,0.597510373,0.591582691
16400,North Branch Park River,41.797,-72.72,5,3,106003270,201490706,8664088908,23.875825,0.15379646,0.143790751,0.138772873,0.130825396,0.128782188,0.123193414,0.124440371
16410,Roaring Brook No 2,41.4244,-72.4084,2,1,106001040,201494648,4231383425,8.126102,0.598957873,0.560628809,0.522520533,0.486840943,0.469840148,0.473858518,0.469575201
16411,Mill River,41.3893,-72.893,4,1,104000807,201495824,10276259585,29.201492,0.297468977,0.264209362,0.24885121,0.243260843,0.241454724,0.241294999,0.240115493
16412,Mill River,41.3925,-72.891,4,2,104000807,201495824,10276259585,29.201492,0.297468977,0.264209362,0.24885121,0.243260843,0.241454724,0.241294999,0.240115493
16413,Mill River,41.3972,-72.8928,4,3,104000807,201495824,10276259585,29.201492,0.297468977,0.264209362,0.24885121,0.243260843,0.241454724,0.241294999,0.240115493
16414,Mill River,41.4038,-72.894,4,2,104000807,201495824,10276259585,29.201492,0.297468977,0.264209362,0.24885121,0.243260843,0.241454724,0.241294999,0.240115493
16415,Mill River,41.4141,-72.895,4,1,104000921,201495503,9470276398,25.338423,0.322869765,0.285957013,0.273001444,0.269051058,0.26309008,0.26262283,0.261490103
16416,Delphi Brook,42.0211,-72.2517,2,1,107003685,201486194,1813374466,3.51488,0.690330477,0.679416565,0.674316605,0.669114647,0.667074663,0.666156671,0.646572827
16417,Furnace Brook,41.9934,-72.2695,3,2,107003567,201486619,3425266763,9.017416,0.642521877,0.6291965,0.605091488,0.612688942,0.609785203,0.601193317,0.604295943
16418,Furnace Brook,41.9937,-72.2767,4,1,107003570,201486669,3828240127,10.502944,0.628201626,0.612355713,0.590499283,0.592104364,0.588962503,0.581688409,0.573184892
16419,Furnace Brook,41.9599,-72.2994,4,2,107003218,201487329,6649057370,16.287642,0.587666769,0.57009819,0.547488001,0.54125754,0.535577473,0.526683105,0.522213905
16428,Little River,41.309,-73.3658,5,1,102002783,201496620,1813469173,4.816935,0.405465783,0.380370839,0.354456773,0.332340457,0.314170824,0.312830442,0.311787922
16431,Sprain Brook,41.5696,-73.2259,3,2,103012879,201494699,3425407003,11.148586,0.402851534,0.392488172,0.375784494,0.360336005,0.348363426,0.345756493,0.346239258
16501,BELDEN BROOK,42.0122,-72.8775,3,1,105000840,201488089,604464268,2.491864,0.739562338,0.739994241,0.737258854,0.722574143,0.704002303,0.682119205,0.682119205
16502,BELDEN BROOK,42.0056,-72.8508,2,1,105000830,201488090,1007440412,3.851948,0.714511775,0.715163362,0.712091595,0.700828446,0.687424369,0.669738434,0.668621428
16505,BIBLE ROCK BROOK,41.4975,-72.6064,2,1,106001676,201494232,604482546,2.324721,0.567550895,0.502159161,0.494447872,0.467458359,0.447254781,0.440777298,0.422887107
16528,BRANCH BROOK,41.395779,-72.72126,3,1,104000640,201495579,1007477584,4.517743,0.730088144,0.714444533,0.676963392,0.557373144,0.706424204,0.687286588,0.706662432
16535,BUCK BROOK,41.6228,-72.558,3,1,106002686,201492640,604478022,1.560934,0.73426734,0.724391364,0.729214515,0.711529628,0.728066146,0.71405604,0.716123105
16588,COOPER POND BROOK,41.2742,-73.4642,5,1,102002568,201496741,201496740,0.987572,0.051272727,0.049090909,0.029818182,0.033090909,0.030909091,0.030909091,0.031272727
16594,Cranberry Meadow Brook,41.405177,-72.225708,4,1,108001678,201494496,604483548,2.610013,0.502890173,0.487063033,0.473300303,0.470685384,0.466143683,0.469446738,0.454720617
16603,DAY MEADOW BROOK,41.5803,-72.4083,5,1,106002429,201492792,201492826,0.772475,0.331319703,0.171003717,0.145446097,0.125464684,0.124070632,0.123141264,0.124535316
16679,Fry Brook,41.6831,-71.9058,3,2,109003611,201490337,201490388,0.388148,0.099350046,0.091922006,0.084493965,0.066852368,0.063138347,0.062209842,0.062209842
16718,HALFWAY RIVER,41.3886,-73.1936,3,1,103016836,201496123,4231420450,10.5092,0.352099693,0.314612496,0.263502902,0.223216115,0.195527484,0.193922841,0.1928986
16734,Hempstead Brook,41.3722,-72.0456,4,2,108001990,201494449,1813450137,2.79036,0.328448387,0.281527189,0.269957578,0.261473197,0.258773621,0.244761537,0.248103869
16758,HOWELL'S BROOK,42.0078,-73.0042,2,1,105002178,201488481,2619348080,4.50037,0.670547891,0.665443815,0.64813781,0.655873674,0.674535449,0.669036096,0.677087487
16846,MILL CREEK,41.4644,-72.5092,3,1,106001415,201494405,2216438967,5.999795,0.524293313,0.51030897,0.47660312,0.47606526,0.456762087,0.457240184,0.449769916
16860,MOODUS RIVER,41.5111,-72.4375,3,1,106001858,201493742,3828380690,12.13164,0.431451971,0.415309109,0.401797593,0.388640866,0.377760695,0.368980817,0.367294445
16938,South Branch Park River,41.7339,-72.7117,5,1,106003069,201491587,11082046225,38.640408,0.107025833,0.099358588,0.09706584,0.090336115,0.091459283,0.090521763,0.089500701
16962,PHELPS BROOK,41.799811,-72.964813,4,1,105001323,201491329,1007456505,3.152793,0.522921169,0.517574792,0.496871801,0.489477875,0.511659652,0.508588329,0.504038221
16971,PIPER BROOK,41.7122,-72.7369,5,1,106002016,201491881,4634318925,14.725667,0.12954933,0.116224117,0.112131547,0.110645554,0.103020706,0.101875761,0.099853837
16972,PITCH BROOK,41.7067,-73.1619,2,1,103009643,201492940,201493156,0.479539,0.66118175,0.697830965,0.691099476,0.695587135,0.695587135,0.695587135,0.695587135
16984,PURCHASE BROOK,41.4686,-73.2911,3,1,103015113,201495651,201495784,1.76943,0.235604217,0.225466342,0.197080292,0.195255474,0.196674777,0.197283049,0.193836172
17061,SPRING LOT BROOK,41.3019,-72.4569,4,2,104001611,201495731,604487190,2.289971,0.474855084,0.378192073,0.343098856,0.270249099,0.244712518,0.248315839,0.248002507
17174,WASH BROOK,41.825,-72.7386,5,1,106003475,201490441,2619371423,5.904234,0.111819728,0.097910593,0.090136054,0.07318999,0.073311467,0.062682216,0.064990282
17181,WEST BRANCH BANTAM RIVER,41.7628,-73.1897,4,1,103008170,201492360,3022380054,8.500001,0.355011606,0.338890061,0.327453049,0.315382992,0.311753535,0.293353028,0.307026799
17186,WEWAKA BROOK,41.4878,-73.3508,3,1,103014674,201495637,1007477978,3.47631,0.255262072,0.24463475,0.222864218,0.22616591,0.220491127,0.221419728,0.213475031
17211,Wyassup Brook,41.4506,-71.8444,5,1,110001296,201493085,1007465076,4.473959,0.561723945,0.556917408,0.532564287,0.503004086,0.488904911,0.491147961,0.493310903
17271,Cherry Brook,41.8733,-72.9063,2,1,105000341,201490206,3828306772,8.240426,0.619727506,0.580855787,0.573586384,0.566621686,0.550124059,0.546902886,0.548426414
17299,Cuff Brook,41.5409,-72.9485,4,2,104000191,201494453,201494460,1.043171,0.371900826,0.358126722,0.287534435,0.266528926,0.258608815,0.261019284,0.259986226
17300,Cabin Brook,41.5605,-72.3167,3,2,106002321,201492868,201492873,1.242284,0.263492063,0.252525253,0.241847042,0.235497835,0.238383838,0.236940837,0.235786436
17321,East Spring Brook,41.6121,-73.1761,3,1,103012069,201494132,2619421602,5.915354,0.133906932,0.125545322,0.118213766,0.114093553,0.1130635,0.112821134,0.111427533
17342,Ball Pond Brook,41.465,-73.465,5,1,103015243,201495920,3022438722,7.81023,0.366881556,0.307809354,0.261966385,0.291135007,0.268581001,0.260220861,0.25764851
17398,Negro Hill Brook,41.7254,-72.95,2,1,105000061,201492280,201492416,2.354258,0.59442583,0.559396893,0.540968626,0.503807493,0.502284496,0.501066098,0.495431008
17405,Roaring Brook,41.9818,-72.2215,5,1,107003470,201486665,1007433260,4.112914,0.625359979,0.598481543,0.591936469,0.595165372,0.590365651,0.58373331,0.583558775
17427,East Branch Stonehouse Brook,41.8186,-72.1316,5,1,107001810,201488910,604467019,1.469892,0.679775281,0.65925745,0.65999023,0.648265755,0.650708354,0.603321935,0.606741573
17448,Pequonnock River,41.3204,-73.2405,4,1,102002825,201496478,604489475,2.860554,0.26937547,0.231000752,0.213192877,0.199398044,0.165412591,0.16340607,0.164910961
17455,West Branch Pequonnock River,41.301,-73.2489,5,1,102002738,201496518,1410475114,5.035854,0.366873175,0.317026276,0.290037741,0.274086734,0.212775048,0.199173966,0.199458805
17530,Haleys Brook,41.38712,-71.97682,3,2,108001851,201494151,2216434872,4.996239,0.397744415,0.359816105,0.345233819,0.318870771,0.304072983,0.3019898,0.298972775
17556,Bolton Pond Brook,41.796962,-72.42478,2,1,107001479,201490223,604470761,4.995544,0.286185863,0.249085038,0.235952637,0.223322569,0.208970219,0.217007535,0.215715823
17565,Long Branch Brook,42.01196,-71.871901,4,1,109001897,201485081,1410394758,3.449899,0.455084217,0.428467457,0.417966313,0.358286546,0.366812227,0.36514868,0.345705968
17568,Sherman Brook,41.576275,-72.287584,3,2,108000341,201492562,805970265,3.331059,0.582795004,0.539405685,0.488156761,0.482988803,0.478251507,0.453703704,0.404285099
17610,Silver Brook,41.280798,-72.999271,5,1,104002083,201496455,201496471,1.316299,0.166076776,0.164443234,0.108630547,0.16389872,0.160359379,0.160359379,0.160359379
17707,West River,41.364,-72.9794,5,1,104001041,201496019,3828420724,13.9452,0.457157556,0.446353698,0.426109325,0.427009646,0.425003215,0.42096463,0.428270096
17708,Silver Brook,41.2722,-73.0008,5,1,104002139,201496471,604489474,1.866379,0.124639908,0.123103514,0.083541387,0.122527367,0.118110236,0.118110236,0.118110236
17728,Trout Brook,41.76588,-72.76033,5,1,106003166,201491349,2216405618,7.644475,0.261310306,0.248779801,0.24615168,0.21466116,0.236061573,0.233151868,0.231837807
17816,INDIAN HUT BROOK,41.90276,-72.06398,3,1,107002745,201487488,201487571,1.214484,0.469044811,0.445165094,0.443691038,0.431898585,0.410377358,0.41067217,0.413325472
17852,Shady Oak School House Brook,41.89866,-71.80928,3,1,109002552,201486965,201486699,1.152631,0.758029311,0.73744933,0.695042095,0.684128469,0.658559401,0.690988463,0.680386654
18123,Northfield Brook,41.6737,-73.0853,3,1,103010642,201493214,2216423427,6.388987,0.348812398,0.338087484,0.323656578,0.307148071,0.304565108,0.298725364,0.300859116
18209,Cabin Brook,41.56052,-72.330771,3,2,106002320,201492873,604478616,1.785414,0.24432389,0.230259192,0.218404661,0.217600964,0.222624071,0.221619449,0.217801889
18463,Fivemile River,41.12685,-73.47101,5,1,102000816,201497080,1813473359,6.382733,0.055177839,0.051581727,0.038208687,0.028600326,0.024442322,0.025116593,0.021913806
18468,Joe Clark Brook,41.484687,-72.0413,3,1,108001010,201493180,1410452570,3.523915,0.33031444,0.303449679,0.299786303,0.285031037,0.275058512,0.280044775,0.277399003
18496,Mill River,41.30213,-73.27415,3,1,102002730,201496555,1410475688,3.044724,0.478665724,0.414780764,0.385313531,0.354196134,0.341819896,0.341702027,0.336515794
18509,"South Fork Hockanum River (""""Hop Brook"""")",41.762739,-72.516012,4,1,106003171,201490699,1410434751,6.227403,0.240306505,0.209828887,0.190009794,0.175375929,0.171342974,0.173589906,0.174569338
18515,Menunketesuck River Unnamed Tributary to,41.356489,-72.536493,5,1,104001139,201495464,604486489,1.586649,0.701674966,0.651652331,0.646220009,0.592575826,0.590538705,0.585559077,0.592123133
18685,Wash Brook,41.819229,-72.739279,5,1,106000259,201490519,5843221634,16.636523,0.18854014,0.1791196,0.172867983,0.162930068,0.16060188,0.156549108,0.157540743
18789,Muddy River,41.398123,-72.815119,4,1,104000631,201495523,3425416564,13.039983,0.204918033,0.195208494,0.181730663,0.177137199,0.180685444,0.180960502,0.180492904
18867,Blackledge River,41.617548,-72.426253,3,1,106002616,201492526,7858179526,23.155125,0.467235585,0.443353416,0.405176019,0.402697973,0.394334567,0.388402744,0.395728468
18875,Walker Brook,41.598459,-73.347537,3,1,103012123,201494673,1813451023,4.19805,0.190520922,0.182322801,0.169940222,0.165926558,0.161400512,0.16353544,0.162852263
18877,Leadmine Brook,41.7211,-73.05769,3,1,103009352,201492557,7455205763,20.983999,0.380465625,0.354483607,0.343253222,0.333544152,0.321954805,0.303921233,0.311391064
18931,Naugatuck River,41.411667,-73.07055,5,1,103016429,201495805,98530195372,269.907447,0.357517844,0.334434213,0.320710823,0.310634245,0.305328824,0.300145672,0.302341202
18932,French River,41.963157,-71.89015,4,1,109002199,201486242,39692236250,109.078427,0.366650883,0.332928866,0.320114171,0.293639676,0.283603636,0.282331045,0.278723726
18935,Saugatuck River,41.23232,-73.3451,4,1,102002031,201496825,15112247397,39.544241,0.431955883,0.412028807,0.382623444,0.387838769,0.375748286,0.372682582,0.372319777
19016,Trout Brook,41.76615,-72.7392,5,1,106003139,201491342,4231317448,13.690138,0.149630639,0.14250537,0.140802641,0.123460994,0.135353906,0.133729764,0.13299628
19017,Todd Hollow Brook,41.654345,-73.036215,5,1,103011005,201493364,1007466865,2.677425,0.371769117,0.350475425,0.345118521,0.322217758,0.319673229,0.308557654,0.311905718
19019,Wachocastinook Creek,41.993089,-73.438412,2,1,103003654,201489922,1007449182,5.647787,0.673230847,0.672087409,0.663829247,0.652712489,0.670054631,0.668402998,0.667704231
19020,Moosehorn Brook,41.570871,-73.327091,3,1,103012935,201494875,201494876,1.912248,0.52242447,0.513229499,0.490335898,0.496153124,0.493150685,0.49127416,0.492400075
19021,Farm Brook,41.82225,-72.543615,5,1,106003364,201490010,201489906,1.286416,0.005851212,0.005572583,0.003622179,0.001393146,0.001671775,0.001671775,0.001671775
19024,Crystal Lake Brook,41.966806,-72.362173,4,1,107003311,201487410,1813387769,6.475859,0.570723867,0.546558031,0.532368917,0.484203525,0.453829952,0.442689281,0.445017182
19025,Menunketesuck River,41.382789,-72.552639,4,1,104000796,201495305,604485938,1.382323,0.566528067,0.555873181,0.516372141,0.488565489,0.456081081,0.45997921,0.454781705
19026,Horseneck Brook,41.027382,-73.633868,5,1,102000157,201497254,1208983283,7.900926,0.115030187,0.106132825,0.079213764,0.091152572,0.085296654,0.086295338,0.084888102
19121,Bullet Hill Brook,41.48494,-73.19425,3,1,103014759,201495444,201495452,1.130739,0.292922882,0.253252936,0.192637258,0.184703269,0.141542368,0.145985401,0.145985401
19639,Skungamaug River,41.76335,-72.39306,4,1,107001206,201490417,12492333254,30.745745,0.42773973,0.392271704,0.370127522,0.333936134,0.314638728,0.303414964,0.306308408
19644,Fenton River,41.893756,-72.232191,4,1,107002637,201488042,3022316209,8.692164,0.588007098,0.572531055,0.564277166,0.535966324,0.525896579,0.506128513,0.525937848
19655,Bradley Brook,41.991852,-72.810504,4,1,105002144,201488193,201488194,1.623483,0.455248619,0.45038674,0.428287293,0.420994475,0.392265193,0.387845304,0.394033149
19657,Bunnell Brook,41.786255,-72.964622,4,1,105001294,201491607,1813424649,4.095541,0.422504378,0.406567426,0.388704028,0.333362522,0.313134851,0.314623468,0.311208406
19681,Merrick Brook,41.697255,-72.084129,4,1,107000712,201490689,3425333228,10.132866,0.497999646,0.488511241,0.470419543,0.447052576,0.450345194,0.455691273,0.45622234
19682,Sixmile Brook,41.406776,-73.144739,3,1,103016538,201495947,201496076,1.144291,0.415177172,0.27343995,0.267168391,0.245845093,0.233301976,0.244277203,0.247099404
19693,Pequabuck River,41.68184,-73.0163,5,1,105001061,201492970,1007464743,3.021789,0.204084056,0.18983735,0.169891962,0.137836875,0.121096996,0.110411967,0.111599193
19696,Whiting River Unnamed tributary to,42.03433,-73.268021,3,1,103003315,201488844,604466729,1.534524,0.212368728,0.204667445,0.202800467,0.193232205,0.18529755,0.174562427,0.180863477
19698,Cove River,41.286443,-72.9741,5,1,104001905,201496482,1007482226,4.128552,0.183856113,0.161612651,0.126857242,0.155964897,0.153618907,0.15283691,0.153271353
19699,Rippowam River,41.066398,-73.55384,5,1,102000017,201497204,11888325294,34.447572,0.203858126,0.185556492,0.162424394,0.159030576,0.150910397,0.149598676,0.149151025
