STA_SEQ,Station_Na,Strahler,StrMi,SqMi,Dam,Div,ICCnt,ICSum,POTW,IC_Avg,SD_Pct,Q99,DIV_CFS,POTW_CFS,DivQ99,POTWQ99,DamStrMi,ICMetric,DIVMetric,DAMMetric,STPMetric,SumMetric,HSI,InState,Len_Miles
17936,TERRY BROOK,2,4.09,1.87,0,0.46,5508,85367,0,15.49872912,67.61273889,0.156721386,0.711725179,0,4.541340502,0,0,3,3,1,1,8,2,1,0.086
16933,OWENS BROOK,1,0.69,0.57,0,0,1666,24997,0,15.00420168,63.15789474,0.035791761,0,0,0,0,0,3,1,1,1,6,2,1,0.213
17092,Sugar Brook,2,4.271404,2.972975,0,0,8544,13379,0,1.565894195,61.57930742,0.26250635,0,0,0,0,0,1,1,1,1,4,1,1,0.416
16581,COLD SPRING BROOK,1,1.658081,0.928751,0,0,2667,1778,0,0.666666667,57.51677152,0.061763944,0,0,0,0,0,1,1,1,1,4,1,1,0.505
16609,Denison Brook,2,2.854281,1.26291,0,0,3632,1710,0,0.470814978,51.99386503,0.085251358,0,0,0,0,0,1,1,1,1,4,1,1,0.253
14504,Hop Brook,4,23.79,11.086114,2,4.46,32416,102738,0,3.169360809,50.69273237,1.176380309,6.900639779,0,5.865993954,0,0.084068937,2,3,2,1,8,2,1,0.127
15991,Stratton Brook,3,7.85,3.83552,0,0,11182,27077,0,2.421480952,50.46305086,0.323525694,0,0,0,0,0,2,1,1,1,5,1,1,0.191
15066,Patton Brook,2,3.174278,2.736826,0,0,7866,102916,0,13.08365116,48.75775807,0.211071422,0,0,0,0,0,3,1,1,1,6,2,1,0.688
16548,BUTTONBALL BROOK,3,5.751039,1.604363,0,0,4626,8702,0,1.881106788,47.66283679,0.109108137,0,0,0,0,0,1,1,1,1,4,1,1,0.14
14270,Ketch Brook,3,8.27,6.856979,1,55.23,19846,61881,0,3.118059055,45.0585111,0.618665999,85.45343834,0,138.1253187,0,0.120918984,2,3,3,1,9,3,1,0.138
15964,Thompson Brook,2,6.77,3.61,0,2.9,10511,90538,0,8.61364285,43.80576656,0.279903805,4.486963085,0,16.03037547,0,0,3,3,1,1,8,2,1,0.325
16046,Chidsey Brook,2,3.54,2.31,0,2.78,6715,67407,0,10.03827252,42.05143606,0.159462919,4.301295647,0,26.97364174,0,0,3,3,1,1,8,2,1,0.494
17300,Cabin Brook,2,3.22,1.028619,0,0,3064,17525,0,5.71964752,37.7807123,0.056578211,0,0,0,0,0,3,1,1,1,6,2,1,0.235
14209,Fulling Mill Brook,4,11.61715059,5.073354841,0,17.1,15306,225884,0,14.75787273,35.98246058,0.38317919,26.45760992,0,69.04761695,0,0,3,3,1,1,8,2,1,0.073
17398,Negro Hill Brook,2,6.01,2.35,0,0,6916,7678,0,1.110179294,33.63213251,0.145492192,0,0,0,0,0,1,1,1,1,4,1,1,0.377
15855,Willow Brook (Hamden)-01,3,30.298235,12.966606,1,1.1,37304,282893,0,7.583449496,33.25661318,1.15067423,1.701951515,0,1.479090668,0,0.033005223,3,3,2,1,9,3,1,0.127
14470,Tankerhoosen River,3,19.53,9.082364,1,0,26531,175946,0,6.631713844,32.72712596,0.740812636,0,0,0,0,0.051203277,3,1,2,1,7,2,1,0.052
14857,Beaver Meadow Brook,2,1.51,0.63,0,0,1852,1730,0,0.93412527,32.36607205,0.028861021,0,0,0,0,0,1,1,1,1,4,1,1,0.24
14212,Fulling Mill Brook,3,6.637150594,2.868762889,0,0,8601,100237,0,11.65410999,32.08190771,0.181004901,0,0,0,0,0,3,1,1,1,6,2,1,0.233
15406,Little Brook,1,1.91,1.17,0,0,3383,67504,0,19.95388708,30.76923077,0.059655269,0,0,0,0,0,3,1,1,1,6,2,1,0.585
14605,Eightmile River,4,30.773636,14.148534,2,8.25,40704,405911,0,9.972263168,30.51285031,1.224934138,12.76463636,0,10.42067159,0,0.064990695,3,3,2,1,9,3,1,0.35
15193,Honeypot Brook,2,5.858256,2.923391,0,3.7,8410,144434,0,17.17407848,30.09091155,0.17931688,5.724746005,0,31.92530447,0,0,3,3,1,1,8,2,1,1.248
14597,Myron Kinney  Brook,3,13.126313,5.842838,0,0,16815,7985,0,0.474873625,29.8014233,0.413648249,0,0,0,0,0,1,1,1,1,4,1,1,0.199
16512,BIRCH MOUNTAIN BROOK,2,4.94,2.07,2,0,6032,41315,0,6.849303714,28.98550725,0.115723116,0,0,0,0,0.4048583,3,1,3,1,8,2,1,0.527
15171,East Branch Salmon Brook,5,95.53,38.399168,2,6.97,112950,186252,0,1.648977424,27.34563092,3.895700619,10.78418369,0,2.768227014,0,0.020935832,1,3,2,1,7,2,1,0.139
16793,Koistenen Brook,1,1.981155,1.024696,0,0,2954,2040,0,0.690589032,26.79499701,0.047366805,0,0,0,0,0,1,1,1,1,4,1,1,0.604
15316,Gages Brook,2,2.32,1.07,0,0,3130,35410,0,11.31309904,26.23460075,0.049392602,0,0,0,0,0,3,1,1,1,6,2,1,0.202
15100,Spruce Swamp Creek,3,19.83,10.31729466,1,0.44,30296,21785,0,0.719071825,26.09750868,0.771633761,0.680780606,0,0.882258709,0,0.050428643,1,2,2,1,6,2,1,0.198
16992,QUINNIPIAC RIVER,5,147.33589,77.481701,11,35.09,222989,3307723,11.4,14.83357027,26.09172584,8.922142337,54.29225333,17.63840661,6.08511401,1.976925042,0.074659338,3,3,2,3,11,3,1,0.586
15013,Mill River,4,49.507629,22.014792,4,7.24,63347,526132,0,8.305555117,25.67324733,1.920636866,11.20193543,0,5.832406751,0,0.080795628,3,3,2,1,9,3,1,0.289
16484,Ballymahack Brook,2,2.881611,0.909927,0,0,2627,1695,0,0.645222687,24.84566806,0.039474589,0,0,0,0,0,1,1,1,1,4,1,1,0.258
14774,Bride Brook,2,2.747369,1.285348,0,0.86,3694,13818,0,3.740661,24.171795,0.059215,1.330617,0,22.470782,0,0,2,3,1,1,7,2,1,0.433
17850,Kelly Brook,2,2.380503,0.847945,0,0,2443,1128,0,0.461727384,22.79753293,0.03469759,0,0,0,0,0,1,1,1,1,4,1,1,0.399
16852,Miller Brook,4,12.278676,4.58983,1,0,13202,6983,0,0.52893501,21.88570424,0.264135095,0,0,0,0,0.081442006,1,1,2,1,5,1,1,0.144
16472,Anguilla Brook,3,12.179192,5.672691,0,0,16320,66634,0,4.082966,21.194307,0.336118,0,0,0,0,0,2,1,1,1,5,1,1,0.092
17796,CROWLEY Brook,3,10.192615,2.44294,0,0,7029,19468,0,2.769668516,20.70751787,0.119453431,0,0,0,0,0,2,1,1,1,5,1,1,0.108
18782,Beaver Meadow Brook,2,3.59,1.35,0,0,3999,1925,0,0.481370343,19.60600356,0.056560678,0,0,0,0,0,1,1,1,1,4,1,1,0.199
16876,Mountain Brook,2,3.562186,1.186691,0,0,3421,3242,0,0.947676118,19.49726598,0.048229538,0,0,0,0,0,1,1,1,1,4,1,1,0.414
16730,HAWLEY BROOK,1,2.01,1.19,2,0,3430,7973,0,2.324489796,19.32773109,0.048180452,0,0,0,0,0.995024876,2,1,3,1,7,2,1,0.616
18468,Joe Clark Brook,3,8.413519,3.384836,0,0,9754,20681,0,2.120258356,18.966323,0.169797678,0,0,0,0,0,2,1,1,1,5,1,1,0.211
17026,SANDY BROOK,2,3.845136,1.204897,0,0,3474,810,0,0.233160622,18.81413606,0.048254635,0,0,0,0,0,1,1,1,1,4,1,1,0.358
16786,Jordan Brook,3,9.87321,3.706955,0,0,10665,92115,0,8.637131,18.706402,0.188298,0,0,0,0,0,3,1,1,1,6,2,1,0.361
16111,Beaver Meadow Brook,2,4.73,1.75,0,0,5175,5136,0,0.992463768,18.55320275,0.07538329,0,0,0,0,0,1,1,1,1,4,1,1,0.089
14860,Flat Brook,2,4.651194,1.693499,0,0,4875,27220,0,5.583589744,17.20042701,0.069728273,0,0,0,0,0,3,1,1,1,6,2,1,0.307
16836,Merrick Brook,4,69.464791,19.158277,2,0,55145,34054,0,0.617535588,16.91633668,1.314942787,0,0,0,0,0.028791564,1,1,2,1,5,1,1,0.028
15210,Beaver Brook,3,25.715041,7.753321,2,0,22318,10268,0,0.460077068,16.76701309,0.436501191,0,0,0,0,0.077775493,1,1,2,1,5,1,1,0.271
14538,Hans Brook,2,3.36,1.75,0,0,5116,27379,0,5.351641908,16.61754727,0.07131355,0,0,0,0,0,3,1,1,1,6,2,1,0.11
14602,Merrick Brook,4,74.903283,20.544763,2,0,59136,35314,0,0.597165855,16.48041006,1.412658663,0,0,0,0,0.026701099,1,1,2,1,5,1,1,0.419
16645,Falls Brook,3,6.444244,1.542638,0,0,4440,10168,0,2.29009009,16.20592236,0.060420459,0,0,0,0,0,2,1,1,1,5,1,1,0.238
14263,Kahn Brook,2,5.425859,1.702051,0,0,4896,6292,0,1.285130719,15.80524629,0.067229518,0,0,0,0,0,1,1,1,1,4,1,1,0.059
16539,BUNNELL BROOK,3,7.42,2.78,0,0,8205,11550,0,1.407678245,15.75794146,0.121785414,0,0,0,0,0,1,1,1,1,4,1,1,0.064
16809,Little River,4,86.240542,24.58761,3,0.36,70738,41251,0,0.583151913,15.73296745,1.71633556,0.55692,0,0.324482003,0,0.034786423,1,2,2,1,6,2,1,0.078
14718,Mount Misery Brook,2,7.816621,4.548224,1,0,13101,3065,0,0.233951607,15.26766322,0.21789739,0,0,0,0,0.127932517,1,1,3,1,6,2,1,0.146
17169,Waldo Brook,3,5.028875,2.001477,0,0,5760,2701,0,0.468923611,15.24565309,0.080374896,0,0,0,0,0,1,1,1,1,4,1,1,0.021
16080,West Branch Salmon Brook,3,7.82,2.12978,1,0,6550,8198,0,1.251603053,14.963607,0.085861208,0,0,0,0,0.127877238,1,1,3,1,6,2,1,0.245
14484,West Branch Salmon Brook,4,49.9,17.678897,1,0,52689,35308,0,0.670120898,14.95002671,1.120733816,0,0,0,0,0.02004008,1,1,2,1,5,1,1,0.546
16699,GRAVELLY BROOK,3,5.523337,1.841226,0,0,5293,3675,0,0.694313244,14.73156363,0.07138607,0,0,0,0,0,1,1,1,1,4,1,1,0.306
14294,Mill Brook,4,31.710565,8.890252,0,1.15,25599,76306,0,2.980819563,14.47531828,0.478613516,1.77905,0,3.717091013,0,0,2,3,1,1,7,2,1,0.053
15172,Belden Brook,3,9.74,4.89,0,0,14320,6956,0,0.48575419,14.43656128,0.231319253,0,0,0,0,0,1,1,1,1,4,1,1,0.14
16502,BELDEN BROOK,3,7.82,3.88,0,0,11374,4010,0,0.352558467,14.07082079,0.172428518,0,0,0,0,0,1,1,1,1,4,1,1,0.345
16930,Oil Mill Brook,4,12.917839,5.035979,1,12.75,14512,28340,0,1.952867,13.938908,0.235531,19.727165,0,83.756125,0,0.077412,1,3,2,1,7,2,1,0.128
15015,Seth Williams Brook,3,11.339213,4.371559,0,0.43,12588,35290,0,2.803464,13.615284,0.196022,0.665308,0,3.394041,0,0,2,3,1,1,7,2,1,0.079
15711,Little River,4,56.797476,16.316835,3,0.36,46936,32121,0,0.684357423,13.53631441,0.967159364,0.55692,0,0.575830645,0,0.052819249,1,2,2,1,6,2,1,0.06
15512,Mountain Brook,3,5.03,2.011033,0,0,6012,2056,0,0.341982701,13.37694309,0.075688031,0,0,0,0,0,1,1,1,1,4,1,1,0.606
16276,Latimer Brook,4,18.487044,6.701364,4,46.1,19282,28155,0,1.46017,13.297877,0.325382,71.32724,0,219.21058,0,0.216368,1,3,3,1,8,2,1,0.103
14813,Blackberry River,4,27.11,13.53862349,7,0,40332,38187,0.35,0.946816424,13.20531414,0.761492714,0,0.541530028,0,0.711142756,0.258207304,1,1,3,2,7,2,1,0.153
15499,West Branch Salmon Brook,4,43.97,15.436728,1,0,46023,33795,0,0.73430676,12.40690125,0.865372616,0,0,0,0,0.022742779,1,1,2,1,5,1,1,0.194
16607,Deep River,3,9.644068,3.037211,1,0,8737,9009,0,1.031131967,12.16186052,0.119011071,0,0,0,0,0.103690683,1,1,3,1,6,2,1,0.094
15730,East Swamp Brook,3,11.04807955,3.856793667,1,0,11689,46227,0,3.954743776,12.06759676,0.158434541,0,0,0,0,0.090513468,2,1,2,1,6,2,1,0.41
16295,Latimer Brook,4,53.632515,17.769727,5,49.5,51128,122352,0,2.393053,11.957408,1.007728,76.587818,0,76.000509,0,0.093227,2,3,2,1,8,2,1,0.153
16692,Glade Brook,2,4.78686,2.053233,0,0,5914,2501,0,0.422895,11.797779,0.072861,0,0,0,0,0,1,1,1,1,4,1,1,1.103
17215,Yawbucs Brook,3,6.21111,1.973746,0,0,5684,1653,0,0.290816,11.768266,0.069363,0,0,0,0,0,1,1,1,1,4,1,1,0.209
16661,Fishtown Brook,3,5.754669,1.66977,0,0,4816,64050,0,13.299419,11.739458,0.056547,0,0,0,0,0,3,1,1,1,6,2,1,0.092
14551,Coginchaug River,3,9.48,3.96,0,0,11595,11706,0,1.009573092,11.670782,0.160864411,0,0,0,0,0,1,1,1,1,4,1,1,0.192
16015,Murphy Brook,3,6.500099,1.769619,0,0,5099,700,0,0.13728182,10.68666083,0.057873342,0,0,0,0,0,1,1,1,1,4,1,1,0.14
14720,Green Fall River,3,15.299597,7.651624,1,0,22026,8863,0,0.402388,10.556627,0.340263,0,0,0,0,0.065361,1,1,2,1,5,1,1,0.024
16921,NORTH BRANCH POOTATUCK BROOK,3,9.651748235,3.615556606,0,0,11255,20950,0,1.861394936,10.54489195,0.136863232,0,0,0,0,0,1,1,1,1,4,1,1,0.088
17267,Stony Brook,3,3.773069,1.139943,0,0,3279,16118,0,4.915523,10.517969,0.03366,0,0,0,0,0,2,1,1,1,5,1,1,0.238
16192,Trading Cove Brook,4,27.573644,9.233661,1,0,26558,70612,0,2.658784547,10.42993046,0.424882488,0,0,0,0,0.036266516,2,1,2,1,6,2,1,0.172
16944,PEAKE BROOK,3,8.145875,3.116923,0,0,8965,7343,0,0.819074177,9.964785085,0.11108646,0,0,0,0,0,1,1,1,1,4,1,1,0.222
14402,Poland River,3,19.5,6.821039,3,148.3,20103,16364,0,0.81400786,9.782889775,0.284823776,229.4540088,0,805.5999105,0,0.153846154,1,3,3,1,8,2,1,0.216
14227,Hemp Swamp Brook,3,6.22,2.53451963,5,0,7611,17219,0,2.262383392,9.58449842,0.084739563,0,0,0,0,0.803858521,2,1,3,1,7,2,1,0.121
16079,Pendleton Hill Brook,2,6.688642,4.100687,0,0,11792,6994,0,0.593114,9.57858,0.151932,0,0,0,0,0,1,1,1,1,4,1,1,0.222
15796,PENDLETON HILL BROOK,2,6.688642,4.100687,0,0,11792,6994,0,0.593114,9.57858,0.151932,0,0,0,0,0,1,1,1,1,4,1,1,0.222
16679,Fry Brook,2,5.313127,2.166638,0,0,6237,25497,0,4.088023088,9.246952946,0.068794186,0,0,0,0,0,2,1,1,1,5,1,1,0.273
14439,Salmon Creek (Salmon Kill),4,66.34682669,31.72298812,6,4.58,93558,89978,0.67,0.961734967,9.218464764,1.786556756,7.086307217,1.036643196,3.96646073,0.580246439,0.090433865,1,3,2,2,8,2,1,0.331
14593,Whetstone Brook,4,35.46939,14.169421,7,0,40787,68210,0,1.672346581,9.176761682,0.669982204,0,0,0,0,0.197353267,1,1,3,1,6,2,1,0.313
16928,Obwebetuck Brook,3,8.472562,3.145939,0,0,9057,7959,0,0.878767804,9.145296514,0.107590509,0,0,0,0,0,1,1,1,1,4,1,1,0.063
16138,Wepawaug River,3,13.742125,5.836116,0,0,16791,62972,0,3.750342445,9.09774583,0.227230174,0,0,0,0,0,2,1,1,1,5,1,1,0.048
15990,Spice Brook,2,4.24763,2.184301,0,0,6289,20109,0,3.197487677,8.990408064,0.068498013,0,0,0,0,0,2,1,1,1,5,1,1,0.22
15543,Pease Brook,4,33.720706,11.519057,0,0.72,33141,29819,0,0.899761625,8.739798664,0.508394169,1.11384,0,2.190898456,0,0,1,3,1,1,6,2,1,0.055
16565,CEMETERY BROOK,2,1.663167,0.837937,0,0,2415,770,0,0.31884058,8.695484666,0.021047146,0,0,0,0,0,1,1,1,1,4,1,1,0.282
17013,Rose Brook,1,1.220298,0.712874,0,0,2050,2099,0,1.023902439,8.500135857,0.017099941,0,0,0,0,0,1,1,1,1,4,1,1,0.372
16298,Stony Brook,4,22.685535,6.721683,1,2.2,19356,55882,0,2.887063443,8.451962423,0.259925923,3.4034,0,13.09373057,0,0.044080953,2,3,2,1,8,2,1,0.072
16677,FRAZER BROOK (Fraser Brook),3,4.39,1.145907,0,0,3464,2189,0,0.631928406,8.270993835,0.030011456,0,0,0,0,0,1,1,1,1,4,1,1,0.09
15783,Eagleville Brook,3,5.837918,2.304063,0,0,6619,81634,3,12.33328297,8.213420017,0.069831303,0,4.641,0,0,0,3,1,1,1,6,2,1,0.119
16373,East Mountain Brook,3,7.47,3,0,0,8833,8601,0,0.973734858,8.17217648,0.095966009,0,0,0,0,0,1,1,1,1,4,1,1,0.047
17188,WHETSTONE BROOK,4,29.781512,12.299622,6,0,35414,50008,0,1.412096911,7.863378426,0.521982489,0,0,0,0,0.201467273,1,1,3,1,6,2,1,0.084
15007,Sawmill Brook,3,11.654001,3.657981,0,0,10529,18770,0,1.782695413,7.836025064,0.119532913,0,0,0,0,0,1,1,1,1,4,1,1,0.285
15579,Hitchcock Mill Brook,3,2.387918541,0.984624215,1,0,3027,2290,0,0.756524612,7.833908786,0.024289955,0,0,0,0,0.418774754,1,1,3,1,6,2,1,0.088
17403,Potash Brook,2,2.123575,1.079673,0,0,3105,607,0,0.195491143,7.786149982,0.027081916,0,0,0,0,0,1,1,1,1,4,1,1,0.166
16110,Mott Hill Brook,2,4.49,2.81,0,0,8117,2591,0,0.319206603,7.473309609,0.084734999,0,0,0,0,0,1,1,1,1,4,1,1,0.389
16688,GEROW BROOK,2,4.834535373,2.436596096,0,0,7008,4797,0,0.684503425,7.383811469,0.070834827,0,0,0,0,0,1,1,1,1,4,1,1,0.168
16132,Meetinghouse Brook,3,6.768686,4.275791,0,8.63,12309,344451,0,27.98367049,7.155260863,0.138004086,13.35258325,0,96.7549849,0,0,3,3,1,1,8,2,1,0.351
17000,Red Brook,3,6.90883,2.431034,1,0,6987,21732,0,3.110348,7.141719,0.069462,0,0,0,0,0.144742,2,1,3,1,7,2,1,0.152
18625,HOPP BROOK,2,6.563129083,2.913688001,1,3.2,8674,15612,0,1.799861656,7.107908593,0.086338135,4.95113168,0,57.34582612,0,0.152366347,1,3,3,1,8,2,1,0.234
15046,Charters Brook,4,21.58,8.546131,0,0,25289,23480,0,0.928466922,7.100320866,0.318676561,0,0,0,0,0,1,1,1,1,4,1,1,0.265
16072,Trading Cove Brook,3,16.048288,5.230998,1,0,15040,15795,0,1.050199468,7.076205288,0.175298411,0,0,0,0,0.062311943,1,1,2,1,5,1,1,0.181
14592,Fenton River,4,90.92598,27.624054,3,0,79488,112931,0,1.420730173,7.060993097,1.320507118,0,0,0,0,0.03299387,1,1,2,1,5,1,1,0.246
17852,Shady Oak School House Brook,2,2.327379,1.202768,0,0,3462,2483,0,0.717215482,7.037603672,0.029342471,0,0,0,0,0,1,1,1,1,4,1,1,0.312
14741,Titicus River,3,8.411882014,5.028667322,2,0,14459,60385,0,4.176291583,6.837741274,0.164240206,0,0,0,0,0.237758922,2,1,3,1,7,2,1,0.203
16300,Hop River,3,13.1484,8.16993,2,0,23514,58566,0,2.4906864,6.57125245,0.290184129,0,0,0,0,0.152109762,2,1,3,1,7,2,1,0.126
16159,East Branch Salmon Brook,2,2.55,1.2,0,0,3506,2692,0,0.767826583,6.347819008,0.027778957,0,0,0,0,0,1,1,1,1,4,1,1,0.112
17125,TRANSYLVANIA BROOK,2,6.91,2.850072317,0,0,8423,8476,0,1.006292295,6.297189727,0.079080746,0,0,0,0,0,1,1,1,1,4,1,1,0.098
15516,Valley Brook,3,15.8,7.332356,0,0,21403,3465,0,0.161893193,6.278618084,0.248700304,0,0,0,0,0,1,1,1,1,4,1,1,0.1
16787,"Jordan Brook,Tributary to",2,1.241272,0.464003,0,0,1331,17770,0,13.350864,6.275656,0.008714,0,0,0,0,0,3,1,1,1,6,2,1,0.197
15577,Kettletown Brook,2,12.10669765,4.641151874,0,0,14037,19023,0,1.355204103,6.223380857,0.142102411,0,0,0,0,0,1,1,1,1,4,1,1,0.12
16863,MOOSEHORN BROOK,2,3.73,1.85,0,0,5449,3786,0,0.694806386,5.945945946,0.045461974,0,0,0,0,0,1,1,1,1,4,1,1,0.396
16416,Delphi Brook,3,10.912485,3.438004,0,0,9900,4039,0,0.407979798,5.82192424,0.095453882,0,0,0,0,0,1,1,1,1,4,1,1,0.181
14355,Nonewaug River,4,83.63445453,25.43348393,5,4.6,78022,150279,0,1.926110584,5.549707714,1.058015678,7.11725179,0,6.726981406,0,0.059783973,1,3,2,1,7,2,1,0.075
16271,Gulf Stream,3,7.71,3.267166,0,2.18,9599,11495,0,1.197520575,5.513314364,0.087298114,3.372958457,0,38.63724323,0,0,1,3,1,1,6,2,1,0.274
16831,MAY BROOK,3,7.167541,2.452986,0,0,7057,651,0,0.092248831,5.498526005,0.061558898,0,0,0,0,0,1,1,1,1,4,1,1,0.076
16926,Norwichtown Brook,3,5.176842,2.515749,1,19.8,7241,53064,0,7.328269576,5.455035417,0.063223003,30.6306,0,484.4850564,0,0.193167958,3,3,3,1,10,3,1,0.237
15306,Eagleville Brook,3,5.383024,2.206827,0,0,6338,79179,3,12.49274219,5.443321289,0.053867121,0,4.641,0,0,0,3,1,1,1,6,2,1,0.104
17187,Wheeler Brook,3,6.245149,1.941554,0,0,5586,13670,0,2.447189,5.329055,0.04562,0,0,0,0,0,2,1,1,1,5,1,1,0.082
16932,Old Stone Mill Brook,3,12.928506,3.423152,1,0,9854,8793,0,0.892327989,4.844581086,0.086558634,0,0,0,0,0.077348458,1,1,2,1,5,1,1,0.111
16299,Hunts brook,3,11.02027,2.738623,0,0,7870,1733,0,0.220203304,4.744671822,0.065330045,0,0,0,0,0,1,1,1,1,4,1,1,0.13
16306,Carr Brook,3,5,1.53,0,0,4593,285,0,0.062050947,4.705983763,0.032088387,0,0,0,0,0,1,1,1,1,4,1,1,0.138
16122,Early Brook,2,5.69,2.286043,0,0,6698,1827,0,0.27276799,4.427300367,0.050666928,0,0,0,0,0,1,1,1,1,4,1,1,0.265
18590,"Lyman Brook, Unnamed tributary to",2,2.63,0.92,0,0,2689,6509,0,2.420602454,4.347826087,0.016627712,0,0,0,0,0,2,1,1,1,5,1,1,0.271
14478,"Lyman Brook, Unnamed tributary to",2,2.63,0.92,0,0,2689,6509,0,2.420602454,4.347826087,0.016627712,0,0,0,0,0,2,1,1,1,5,1,1,0.271
16747,HOLLENBECK RIVER,3,14.35,5.122790531,0,0,15149,3716,0,0.245296719,4.144853066,0.130542316,0,0,0,0,0,1,1,1,1,4,1,1,0.217
15839,"Deep Brook, tributary to (""Oil Creek"" or ""Meeker Brook"")",3,14.39495934,4.900511441,0,0,14859,121434,0,8.172420755,4.018730774,0.121787209,0,0,0,0,0,3,1,1,1,6,2,1,0.187
17462,burnap brook,4,16.094381,7.068169,0,0,20341,30163,0,1.482867116,3.996912453,0.189466415,0,0,0,0,0,1,1,1,1,4,1,1,0.267
15304,Eagleville Brook,2,3.179677,1.585123,0,0,4553,75097,3,16.49396003,3.940856602,0.030633418,0,4.641,0,0,0,3,1,1,1,6,2,1,0.111
17112,"TENMILE RIVER, tributary to",2,2.250728,0.974009,0,0,2797,720,0,0.257418663,3.937555931,0.016952354,0,0,0,0,0,1,1,1,1,4,1,1,0.251
16381,Colebrook Brook,2,5.76,2.64,0,0,7677,7455,0,0.971082454,3.701644561,0.055140379,0,0,0,0,0,1,1,1,1,4,1,1,0.699
15794,West Branch Farmington River,6,454.079877,232.974873,22,427.86,679972,718192,3.5,1.056208197,3.337516021,12.05308736,661.9972502,5.415300275,54.92345904,0.449287399,0.048449626,1,3,2,2,8,2,1,0.344
15509,Gunn Brook,2,5.433126747,2.212129366,0,0,6557,3310,0,0.504804026,3.285499374,0.041893493,0,0,0,0,0,1,1,1,1,4,1,1,0.374
15519,Bee Brook,3,11.90770389,4.699805014,1,0,14185,17879,0,1.260415932,3.280535734,0.104508958,0,0,0,0,0.083979247,1,1,2,1,5,1,1,0.388
15014,Clark Creek,4,9.38,2.669166,0,0,8062,11064,0,1.372364178,3.177694393,0.051745963,0,0,0,0,0,1,1,1,1,4,1,1,0.283
16696,GOODHILL BROOK (Good Hill Brook),3,5.83,1.903574372,0,0,5808,4807,0,0.827651515,3.151965107,0.034187017,0,0,0,0,0,1,1,1,1,4,1,1,0.409
15529,Macedonia Brook,4,37.70174174,16.71874357,3,0,50247,10183,0,0.202658865,3.076328247,0.472295266,0,0,0,0,0.079571921,1,1,2,1,5,1,1,0.095
16843,MILL BROOK,3,10.59,4.140619842,2,0,12606,4967,0,0.394018721,3.046036162,0.086324963,0,0,0,0,0.188857413,1,1,3,1,6,2,1,0.35
16330,Naromiyocknowhusunkatankshunk Brook (FKA Morrisey),2,7.83,2.779886406,0,0,8377,2977,0,0.35537782,3.014849975,0.052941882,0,0,0,0,0,1,1,1,1,4,1,1,0.078
16258,West Branch Farmington River,5,230.309997,125.619223,5,0,365886,165078,0,0.451173316,2.811175373,5.22238481,0,0,0,0,0.02170987,1,1,2,1,5,1,1,0.282
15515,Beaver Brook,4,13.34,6.131976,0,0,18127,9645,0,0.532079219,2.772352664,0.132613726,0,0,0,0,0,1,1,1,1,4,1,1,0.471
16126,Hall Meadow Brook,3,23.70766304,10.22014198,1,0,30529,11875,0,0.388974418,2.693861293,0.243030993,0,0,0,0,0.042180454,1,1,2,1,5,1,1,0.23
16819,Lowden Brook,2,4.895279,2.41816,1,0,6956,5983,0,0.860120759,2.47780522,0.04049308,0,0,0,0,0.204278449,1,1,3,1,6,2,1,0.453
15532,Jericho Brook,1,1.53,0.672033827,0,0,1991,2506,0,1.258663988,2.46799338,0.008538061,0,0,0,0,0,1,1,1,1,4,1,1,0.291
16383,North Brook,3,3.28,1.517328,0,0,4432,2327,0,0.525045126,2.436727421,0.022802541,0,0,0,0,0,1,1,1,1,4,1,1,0.059
16121,Flat Brook,2,5.3,2.49,0,0,7338,5681,0,0.774189152,2.425508232,0.041509813,0,0,0,0,0,1,1,1,1,4,1,1,0.177
15520,Bonemill Brook,3,5.561781,2.486112,1,0,7164,1403,0,0.195840313,2.38410596,0.04107339,0,0,0,0,0.179798521,1,1,3,1,6,2,1,0.222
16913,"Chatfield Hollow Brook, tributary to",2,1.690614,0.441114,0,0,1267,286,0,0.225730071,2.297818704,0.004940193,0,0,0,0,0,1,1,1,1,4,1,1,0.192
16387,Hurricane Brook,2,3.81,1.328813,0,0,3888,575,0,0.147890947,2.257654012,0.018678187,0,0,0,0,0,1,1,1,1,4,1,1,0.242
14842,Indian Meadow Brook,3,9.88,4.36,0,0,12770,11172,0,0.87486296,2.241362762,0.078750536,0,0,0,0,0,1,1,1,1,4,1,1,0.139
16288,Branch Brook,3,15.657109,4.891189,0,0,14062,1754,0,0.124733324,2.238136097,0.09048069,0,0,0,0,0,1,1,1,1,4,1,1,0.232
16106,Branch Brook,3,15.657109,4.891189,0,0,14062,1754,0,0.124733324,2.238136097,0.09048069,0,0,0,0,0,1,1,1,1,4,1,1,0.232
15017,Fivemile Brook,2,5.294482407,1.798038483,0,0,5471,8164,0,1.492231768,2.235850724,0.026832787,0,0,0,0,0,1,1,1,1,4,1,1,0.035
18791,"Hubbard Brook, Unnamed tributary to",2,1.67,0.33,0,0,1030,412,0,0.4,2.210902527,0.003406336,0,0,0,0,0,1,1,1,1,4,1,1,0.134
16761,"Hubbard Brook, Unnamed tributary to",2,1.67,0.33,0,0,1030,412,0,0.4,2.210902527,0.003406336,0,0,0,0,0,1,1,1,1,4,1,1,0.134
16594,Cranberry Meadow Brook,3,7.735486,2.477425,0,0,7142,3796,0,0.531504,2.156605,0.038884,0,0,0,0,0,1,1,1,1,4,1,1,0.128
15063,Spruce Brook,3,8.602454449,2.901410137,0,0,8894,7739,0,0.870137171,2.119944887,0.046700704,0,0,0,0,0,1,1,1,1,4,1,1,0.059
15701,Bakersville Brook,3,14.06,5.358715,0,0,15736,20495,0,1.302427555,2.047453729,0.096652054,0,0,0,0,0,1,1,1,1,4,1,1,0.267
16431,Sprain Brook,3,23.62621739,10.59607298,1,0,31559,20479,0,0.648911562,1.954360949,0.216026773,0,0,0,0,0.042325861,1,1,2,1,5,1,1,0.118
15024,Wood Creek,2,5.39,2.72,0,0,8065,3490,0,0.432734036,1.870281008,0.040538679,0,0,0,0,0,1,1,1,1,4,1,1,0.24
16116,Kettle Brook,3,4.77,1.73727,0,0,5160,437,0,0.084689922,1.726847295,0.0225958,0,0,0,0,0,1,1,1,1,4,1,1,0.219
15315,Burnham Brook,1,2.52,1.19,0,0,3435,432,0,0.125764192,1.680672269,0.014079829,0,0,0,0,0,1,1,1,1,4,1,1,0.769
17148,"HALL MEADOW BROOK, tributary to",2,3.88,1.49486566,0,0,4453,471,0,0.10577139,1.644575793,0.018370071,0,0,0,0,0,1,1,1,1,4,1,1,0.167
16922,NORTH BROOK,2,2.21,1.217780226,0,0,3573,1242,0,0.347607053,1.642332465,0.014312548,0,0,0,0,0,1,1,1,1,4,1,1,0.113
14840,Mountain Brook,2,2.8,0.811033,0,0,2519,353,0,0.140134974,1.568313183,0.008536959,0,0,0,0,0,1,1,1,1,4,1,1,0.167
16316,Jim Brook,2,2.95,1.28,1,0,3762,2550,0,0.677830941,1.5625,0.01482828,0,0,0,0,0.338983051,1,1,3,1,6,2,1,0.231
17949,lievre Brook - Dup of 17948?,2,3.19,1.307166,0,0,3824,3614,0,0.945083682,1.539906359,0.015100038,0,0,0,0,0,1,1,1,1,4,1,1,0.044
17948,lievre Brook,2,3.19,1.307166,0,0,3824,3614,0,0.945083682,1.539906359,0.015100038,0,0,0,0,0,1,1,1,1,4,1,1,0.044
16525,BONNEY BROOK,2,3.819921268,1.327626563,0,0,4010,113,0,0.028179551,1.506447713,0.015218153,0,0,0,0,0,1,1,1,1,4,1,1,0.306
15035,Spruce Brook,4,15.41245445,5.309351764,0,0,16160,9537,0,0.590160891,1.416299566,0.079379749,0,0,0,0,0,1,1,1,1,4,1,1,0.024
16078,South Mountain Brook,2,4.54,2.16,1,0,6284,116998,0,18.61839593,1.388888889,0.026376789,0,0,0,0,0.220264317,3,1,3,1,8,2,1,0.447
16697,GOODWIN BROOK,2,3.179117,0.888975,0,0,2558,270,0,0.105551212,1.369067073,0.008911769,0,0,0,0,0,1,1,1,1,4,1,1,0.096
15244,Cobble Brook,3,5.68,2.199466676,0,0.25,6551,2724,0,0.415814379,1.363967017,0.026718265,0.386807163,0,14.4772562,0,0,1,3,1,1,6,2,1,0.041
14880,Sages Ravine Brook,2,7.14,3.5,0,0,10373,437,0,0.042128603,1.343934675,0.046614077,0,0,0,0,0,1,1,1,1,4,1,1,0.513
15505,Sages Ravine Brook,2,7.14,3.5,0,0,10373,437,0,0.042128603,1.343934675,0.046614077,0,0,0,0,0,1,1,1,1,4,1,1,0.513
17002,RESERVOIR BROOK,3,4.426599,1.29,0,0,3891,121,0,0.031097404,1.340773515,0.013858489,0,0,0,0,0,1,1,1,1,4,1,1,0.205
17134,"TRANSYLVANIA BROOK, tributary to",1,1.33,0.76,0,0,2207,1522,0,0.689623924,1.315789474,0.007221543,0,0,0,0,0,1,1,1,1,4,1,1,0.407
16191,Hall Meadow Brook,2,9.897915316,3.8030333,1,0,11526,4892,0,0.42443172,1.286490146,0.050436394,0,0,0,0,0.101031376,1,1,3,1,6,2,1,0.102
16297,Stony Brook,3,9.859314,2.945003,1,2.2,8478,6265,0,0.738971456,1.281446972,0.036903352,3.4034,0,92.22468569,0,0.101426935,1,3,3,1,8,2,1,0.076
16535,BUCK BROOK,2,3.24,1.63,0,0,4757,615,0,0.129283162,1.226993865,0.017606251,0,0,0,0,0,1,1,1,1,4,1,1,0.286
17917,Buck Brook,2,3.24,1.63,0,0,4757,615,0,0.129283162,1.226993865,0.017606251,0,0,0,0,0,1,1,1,1,4,1,1,0.286
16393,Taylor Brook,2,3.24,2.05,0,0,5981,4660,0,0.779133924,1.172457866,0.022730273,0,0,0,0,0,1,1,1,1,4,1,1,0.487
17945,GULF STREAM,3,6.34,2.647166,0,0,7776,5997,0,0.771219136,1.138165584,0.030542833,0,0,0,0,0,1,1,1,1,4,1,1,0.093
17167,Wachocastinook Creek,2,9.16,5.4,2,0,15819,1136,0,0.071812378,1.111111111,0.071704649,0,0,0,0,0.218340611,1,1,3,1,6,2,1,0.425
16610,DENMAN BROOK,2,3.78,1.885850993,0,0,5544,969,0,0.17478355,1.060529176,0.019527617,0,0,0,0,0,1,1,1,1,4,1,1,0.306
17179,WEST ASPETUCK RIVER,3,15.86,5.811370082,0,0,17646,6275,0,0.35560467,1.038280919,0.075757977,0,0,0,0,0,1,1,1,1,4,1,1,0.039
17028,SAP TREE RUN,1,1.091046,0.542129,0,0,1561,2164,0,1.386290839,1,0.004173246,0,0,0,0,0,1,1,1,1,4,1,1,0.333
16532,BROWNS BROOK,2,1.52693,0.625579,0,0,1797,62,0,0.034501948,1,0.004965536,0,0,0,0,0,1,1,1,1,4,1,1,0.138
16705,GREEN BROOK,2,1.745394,0.768528,0,0,2210,2255,0,1.020361991,1,0.006374989,0,0,0,0,0,1,1,1,1,4,1,1,0.07
16735,HERRIDEAN BROOK,2,2.845913,0.787316,0,0,2270,978,0,0.430837004,1,0.006564696,0,0,0,0,0,1,1,1,1,4,1,1,0.211
17816,INDIAN HUT BROOK,2,2.908003,1.13155,0,0,3254,2111,0,0.648740012,1,0.010196833,0,0,0,0,0,1,1,1,1,4,1,1,0.221
17014,RUBY BROOK,3,5.314389,1.451405,1,0,4170,8367,0,2.00647482,1,0.013795186,0,0,0,0,0.188168386,2,1,3,1,7,2,1,0.149
18735,Leadmine Brook,3,5.887261,1.70202,0,0,4896,851,0,0.173815359,1,0.01673841,0,0,0,0,0,1,1,1,1,4,1,1,0.143
18736,Leadmine Brook,3,6.837142,1.965965,0,0,5651,873,0,0.154485932,1,0.019940239,0,0,0,0,0,1,1,1,1,4,1,1,0.074
14866,Stickney Hill Brook,3,4.967956,2.325279,0,0,6687,838,0,0.125317781,1,0.024447665,0,0,0,0,0,1,1,1,1,4,1,1,0.162
15003,Wappoquia Brook,2,8.54319,4.330086,0,0,12464,16399,0,1.315709243,1,0.052008033,0,0,0,0,0,1,1,1,1,4,1,1,0.439
14863,Rocky Brook,4,14.00714,4.839437,0,0,13923,4129,0,0.29655965,1,0.059526372,0,0,0,0,0,1,1,1,1,4,1,1,0.242
16108,Knowlton Brook,4,25.259631,6.852461,1,0,19727,8248,0,0.418107163,1,0.090803236,0,0,0,0,0.03958886,1,1,2,1,5,1,1,0.072
14740,Quaker Brook,2,7.944643206,5.033703514,1,0,14479,2538,0,0.175288349,0.969703537,0.061479713,0,0,0,0,0.125870977,1,1,3,1,6,2,1,0.288
16527,BRADFORD BROOK,2,2.98,1.11,0,0,3316,1030,0,0.310615199,0.900900901,0.009451428,0,0,0,0,0,1,1,1,1,4,1,1,0.347
17155,"NAUGATUCK RIVER, tributary to",2,2.9,1.146399805,0,0,3413,4769,0,1.397304424,0.872296031,0.009670577,0,0,0,0,0,1,1,1,1,4,1,1,0.098
15001,Beach Brook,3,5.36,1.16,0,0,3568,224,0,0.062780269,0.862068966,0.009751939,0,0,0,0,0,1,1,1,1,4,1,1,0.309
15998,"Town Farm Brook (""Clatter Valley Brook"")",3,6.44,3.07368803,1,0,9089,30607,0,3.36747717,0.83763836,0.031376994,0,0,0,0,0.155279503,2,1,3,1,7,2,1,0.133
16599,CROSS BROOK,2,2.92,1.127199128,3,0,3361,3336,0,0.992561738,0.833426762,0.009259231,0,0,0,0,1.02739726,1,1,3,1,6,2,1,0.126
16117,Roaring Brook,2,5.42,1.67,0,0,4948,507,0,0.102465643,0.598802395,0.012633328,0,0,0,0,0,1,1,1,1,4,1,1,0.227
14845,Bull Mountain Brook,3,4.23,1.933583425,1,0,5719,1810,0,0.316488897,0.587297638,0.014946762,0,0,0,0,0.236406619,1,1,3,1,6,2,1,0.049
15700,Nepaug River,3,9.35,4.3,0,0,12644,8791,0,0.695270484,0.585419821,0.039379246,0,0,0,0,0,1,1,1,1,4,1,1,0.351
17157,"ROCK BROOK, tributary to",2,1.9,0.79,0,0,2352,799,0,0.339710884,0.543500123,0.004848742,0,0,0,0,0,1,1,1,1,4,1,1,0.124
15240,Hubbard Brook,3,39.51,20.612647,0,0,60105,11333,0,0.188553365,0.48423698,0.239968091,0,0,0,0,0,1,1,1,1,4,1,1,0.206
16114,Rugg Brook,2,4.62,2.25,0,0,6558,1547,0,0.23589509,0.444444444,0.015613147,0,0,0,0,0,1,1,1,1,4,1,1,0.329
16528,BRANCH BROOK,3,10.170466,2.745081,1,6.64,7908,595,0,0.075240263,0.372812314,0.018193215,10.27359824,0,564.6939246,0,0.098323912,1,3,2,1,7,2,1,0.102
17201,Willys Meadow Brook,3,3.617414,1.075699,0,0,3095,1319,0,0.426171,0.336124,0.005537,0,0,0,0,0,1,1,1,1,4,1,1,0.262
14453,Spruce Brook,2,4.57,2.023196025,0,0,5956,1577,0,0.264775017,0.183499538,0.008789287,0,0,0,0,0,1,1,1,1,4,1,1,0.178
18002,Gunn Brook,2,4.213126747,1.642129366,0,0,4907,2078,0,0.423476666,0.163172069,0.006430367,0,0,0,0,0,1,1,1,1,4,1,1,0.078
16583,COMSTOCK BROOK,4,14.01,3.559103,1,0,10631,18410,0,1.731727965,0.157827904,0.016173639,0,0,0,0,0.071377587,1,1,2,1,5,1,1,0.45
16498,BEEBE BROOK,3,5.78,2.580321524,1,0,7794,402,0,0.051578137,0.080072105,0.007776724,0,0,0,0,0.173010381,1,1,3,1,6,2,1,0.331
15062,Jefferson Hill Brook,3,6.56,2.35,0,0,7078,1798,0,0.254026561,0.053576192,0.005670177,0,0,0,0,0,1,1,1,1,4,1,1,0.093
15570,Ratlum Brook,4,10.82,3.238909,0,15.9,9702,3406,0,0.351061637,0.046846183,0.007823367,24.60093554,0,3144.545667,0,0,1,3,1,1,6,2,1,0.109
16089,Morgan Brook,3,12.01,6.78284,1,0,19770,41061,0,2.07693475,0.020941906,0.012794186,0,0,0,0,0.083263947,2,1,2,1,6,2,1,0.187
16623,EAST BRANCH LEADMINE BROOK,2,2.96,0.692970048,0,0,2055,17119,0,8.330413625,0.004658656,0.000552728,0,0,0,0,0,3,1,1,1,6,2,1,0.364
17088,STORE HOUSE BROOK,2,0.76,0.14,0,0,460,0,0,0,0,7.92892E-05,0,0,0,0,0,1,1,1,1,4,1,1,0.086
17147,"EAST BR. SHEPAUG RIVER, tributary to",1,0.46,0.33,0,0,978,291,0,0.297546012,0,0.000224558,0,0,0,0,0,1,1,1,1,4,1,1,0.14
16714,GULF STREAM,2,1.33,0.511589626,0,0,1533,1876,0,1.223744292,0,0.000382386,0,0,0,0,0,1,1,1,1,4,1,1,0.147
16331,Sumner Brook,2,1.91,0.6,1,0,1787,41,0,0.022943481,0,0.000464038,0,0,0,0,0.523560209,1,1,3,1,6,2,1,0.273
17120,TODD HOLLOW BROOK,2,2.41,0.614801161,0,0,1957,7694,0,3.931527849,0,0.000477972,0,0,0,0,0,2,1,1,1,5,1,1,0.065
17130,"EAST SPRING BROOK, tributary to",2,2.609704364,0.666722626,0,0,2062,7634,0,3.702230844,0,0.000527414,0,0,0,0,0,2,1,1,1,5,1,1,0.101
17151,"LAKE WARAMAUG BROOK, tributary to",2,1.385885966,0.683357447,0,0,2086,748,0,0.358581016,0,0.000543433,0,0,0,0,0,1,1,1,1,4,1,1,0.038
14500,Worden Brook,1,1.31,0.8,0,0,2325,121,0,0.052043011,0,0.000658024,0,0,0,0,0,1,1,1,1,4,1,1,0.239
14819,Mallory Brook,1,0.77,0.84,0,0,2436,0,0,0,0,0.00069818,0,0,0,0,0,1,1,1,1,4,1,1,0.235
16854,MINE BROOK,1,1.92,0.89,0,0,2585,721,0,0.278916828,0,0.000748953,0,0,0,0,0,1,1,1,1,4,1,1,0.586
16125,Whiting Brook,2,2.31,0.934519626,0,0,2720,69,0,0.025367647,0,0.000794678,0,0,0,0,0,1,1,1,1,4,1,1,0.37
16972,PITCH BROOK,2,3.179631718,0.939821812,0,0,2810,1061,0,0.377580071,0,0.000800156,0,0,0,0,0,1,1,1,1,4,1,1,0.098
17166,WACCABUC RIVER,2,2.286767199,0.992542593,0,0,2862,483,0,0.168763103,0,0.000854974,0,0,0,0,0,1,1,1,1,4,1,1,0.155
16862,MOOSEHORN BROOK,2,3.44,1.023881717,1,0,3181,1772,0,0.557057529,0,0.00088786,0,0,0,0,0.290697674,1,1,3,1,6,2,1,0.138
16857,MOHAWK POND OUTFLOW,2,2.76,1.11505168,0,0,3418,765,0,0.223815097,0,0.000984738,0,0,0,0,0,1,1,1,1,4,1,1,0.147
17035,SECOND HILL BROOK,1,1.76,1.23,0,0,3559,8158,0,2.292216915,0,0.001109312,0,0,0,0,0,2,1,1,1,5,1,1,0.498
16123,Muddy Brook,2,3.53,1.32,0,0,3872,1607,0,0.415030992,0,0.001208617,0,0,0,0,0,1,1,1,1,4,1,1,0.121
17133,"TRANSYLVANIA BROOK, tributary to",2,1.98,1.338038475,0,0,3965,941,0,0.237326608,0,0.001228699,0,0,0,0,0,1,1,1,1,4,1,1,0.211
16965,PICKETT BROOK,2,4.94,1.428223139,0,0,4434,6249,0,1.409336942,0,0.001329958,0,0,0,0,0,1,1,1,1,4,1,1,0.083
16127,Jakes Brook,3,5.149002111,1.51790806,0,0,4733,654,0,0.138178745,0,0.001432023,0,0,0,0,0,1,1,1,1,4,1,1,0.227
16135,Sargent River,1,2.455017,1.576284,1,0,4535,15056,0,3.319955899,0,0.00149916,0,0,0,0,0.407329155,2,1,3,1,7,2,1,0.748
18270,Wewaka Brook,1,2.46,1.628038484,0,0,4721,5987,0,1.268163525,0,0.001559129,0,0,0,0,0,1,1,1,1,4,1,1,0.332
16328,Stony Brook,3,5.05,1.733857172,0,0,5323,276,0,0.05185046,0,0.001683008,0,0,0,0,0,1,1,1,1,4,1,1,0.35
19733,Pond Mountain Brook,3,6.606876359,1.88397727,1,0,5936,2492,0,0.419811321,0,0.001861527,0,0,0,0,0.151357456,1,1,3,1,6,2,1,0.129
16726,HART BROOK,2,4.96902498,1.949797259,1,0,5899,566,0,0.095948466,0,0.00194078,0,0,0,0,0.201246724,1,1,3,1,6,2,1,0.197
15680,Beaver Brook,2,3.8,1.961976,0,0,5789,1186,0,0.204871308,0,0.001955507,0,0,0,0,0,1,1,1,1,4,1,1,0.248
16124,Flat Brook,2,5.42,2.135051654,0,0,6363,919,0,0.144428729,0,0.002166879,0,0,0,0,0,1,1,1,1,4,1,1,0.187
16693,GLEN BROOK,3,4.406915294,2.299531273,2,0,6894,2780,0,0.403249202,0,0.00237119,0,0,0,0,0.453832186,1,1,3,1,6,2,1,0.131
17183,WEST BRANCH LEADMINE BROOK,2,6.2,2.328691894,0,0,7009,128172,0,18.28677415,0,0.002407746,0,0,0,0,0,3,1,1,1,6,2,1,0.158
17193,WIGWAM BROOK,3,7.85,2.688836538,0,0,8096,9041,0,1.116724308,0,0.002867043,0,0,0,0,0,1,1,1,1,4,1,1,0.215
16377,Cherry Brook,3,8.7,3.045907,0,0,9072,6389,0,0.70425485,0,0.003335649,0,0,0,0,0,1,1,1,1,4,1,1,0.072
17186,WEWAKA BROOK,2,6.727208726,3.262210745,1,0,9616,10701,0,1.112832779,0,0.003625392,0,0,0,0,0.148650063,1,1,3,1,6,2,1,0.143
16758,HOWELL'S BROOK,3,9.87,4.337909,2,0,12656,1844,0,0.145701643,0,0.005124154,0,0,0,0,0.202634245,1,1,3,1,6,2,1,0.25
16385,Beaver Brook,4,11.48,4.981976,0,0,14792,7061,0,0.477352623,0,0.006061991,0,0,0,0,0,1,1,1,1,4,1,1,0.387
15274,Sargent River,3,10.344668,5.348457,2,0,15405,30111,0,1.954625122,0,0.006607577,0,0,0,0,0.193336316,1,1,3,1,6,2,1,0.238
17271,Cherry Brook,4,23.018638,7.71501,0,0,23122,12808,0,0.553931321,0,0.010308969,0,0,0,0,0,1,1,1,1,4,1,1,0.025
